WDOV26;02/09/2026;15:15:00;5138,50;5142,00;5133,50;5140,50;3179649725,00;61882
WDOV26;02/09/2026;15:00:00;5138,50;5138,50;5136,00;5138,00;895427960,00;17430
WDOV26;02/09/2026;14:45:00;5136,50;5140,00;5135,00;5138,00;1140209480,00;22194
WDOV26;02/09/2026;14:30:00;5137,50;5140,00;5135,50;5136,50;1478083195,00;28767
WDOV26;02/09/2026;14:15:00;5138,00;5140,50;5136,00;5137,00;1545160335,00;30071
WDOV26;02/09/2026;14:00:00;5135,00;5139,00;5133,00;5138,00;1464841755,00;28522
WDOV26;02/09/2026;13:45:00;5133,50;5136,00;5131,50;5135,00;2210943915,00;43067
WDOV26;02/09/2026;13:30:00;5134,00;5134,50;5130,00;5133,00;1364418430,00;26588
WDOV26;02/09/2026;13:15:00;5135,50;5136,50;5130,00;5133,50;3642283290,00;70963
WDOV26;02/09/2026;13:00:00;5137,50;5138,50;5135,00;5135,50;1656565585,00;32247
WDOV26;02/09/2026;12:45:00;5142,00;5142,00;5133,00;5137,50;3908548935,00;76100
WDOV26;02/09/2026;12:30:00;5137,50;5142,00;5135,00;5141,50;1820564780,00;35428
WDOV26;02/09/2026;12:15:00;5136,00;5141,50;5135,50;5138,00;2747408950,00;53464
WDOV26;02/09/2026;12:00:00;5142,00;5143,50;5133,50;5136,00;4299083685,00;83670
WDOV26;02/09/2026;11:45:00;5137,00;5144,00;5134,50;5142,00;6332203400,00;123208
WDOV26;02/09/2026;11:30:00;5142,50;5142,50;5134,50;5137,00;5768985990,00;112288
WDOV26;02/09/2026;11:15:00;5156,00;5157,00;5137,50;5142,50;1,228402198E10;238544
WDOV26;02/09/2026;11:00:00;5160,00;5165,00;5155,50;5155,50;6964397440,00;134956
WDOV26;02/09/2026;10:45:00;5167,00;5173,50;5159,00;5159,50;7295472770,00;141224
WDOV26;02/09/2026;10:30:00;5176,00;5180,50;5166,50;5166,50;7933672910,00;153299
WDOV26;02/09/2026;10:15:00;5199,00;5201,50;5170,50;5176,50;1,104528291E10;213033
WDOV26;02/09/2026;10:00:00;5193,00;5199,00;5189,00;5199,00;4238080940,00;81594
WDOV26;02/09/2026;09:45:00;5193,00;5194,50;5188,00;5193,00;3112496230,00;59960
WDOV26;02/09/2026;09:30:00;5189,00;5193,00;5186,00;5192,50;2488787945,00;47956
WDOV26;02/09/2026;09:15:00;5187,00;5191,50;5181,50;5189,00;5225031475,00;100739
WDOV26;02/09/2026;09:00:00;5189,00;5192,00;5179,50;5187,50;7535244410,00;145317
WDOV26;01/09/2026;18:15:00;5187,00;5188,50;5185,50;5187,00;662087860,00;12764
WDOV26;01/09/2026;18:00:00;5189,50;5190,00;5186,00;5187,00;744929435,00;14359
WDOV26;01/09/2026;17:45:00;5189,00;5190,00;5187,00;5189,00;635192755,00;12243
WDOV26;01/09/2026;17:30:00;5189,00;5190,00;5187,00;5189,00;757654950,00;14602
WDOV26;01/09/2026;17:15:00;5191,00;5191,50;5187,50;5189,00;826778815,00;15933
WDOV26;01/09/2026;17:00:00;5186,50;5192,50;5186,50;5190,50;3366691035,00;64871
WDOV26;01/09/2026;16:45:00;5185,00;5187,00;5184,00;5187,00;1896316530,00;36570
WDOV26;01/09/2026;16:30:00;5183,50;5186,00;5183,50;5184,50;1745173865,00;33659
WDOV26;01/09/2026;16:15:00;5184,00;5185,50;5182,50;5184,00;1153096475,00;22243
WDOV26;01/09/2026;16:00:00;5182,50;5184,50;5182,00;5184,00;1447017845,00;27918
WDOV26;01/09/2026;15:45:00;5186,00;5189,00;5181,00;5182,50;3649166475,00;70389
WDOV26;01/09/2026;15:30:00;5180,00;5187,00;5180,00;5186,00;2768842820,00;53412
WDOV26;01/09/2026;15:15:00;5174,50;5181,50;5174,50;5180,50;2316417510,00;44735
WDOV26;01/09/2026;15:00:00;5175,50;5178,00;5173,00;5174,50;1866341670,00;36061
WDOV26;01/09/2026;14:45:00;5174,50;5178,00;5174,00;5175,50;1683964825,00;32535
WDOV26;01/09/2026;14:30:00;5174,50;5176,00;5172,50;5175,00;1622565950,00;31358
WDOV26;01/09/2026;14:15:00;5174,50;5177,00;5171,00;5174,50;3993403620,00;77187
WDOV26;01/09/2026;14:00:00;5183,00;5184,50;5174,00;5174,00;3837642250,00;74092
WDOV26;01/09/2026;13:45:00;5183,50;5184,50;5180,50;5183,50;1595469300,00;30783
WDOV26;01/09/2026;13:30:00;5185,00;5188,00;5180,50;5184,00;2657807950,00;51264
WDOV26;01/09/2026;13:15:00;5178,50;5185,50;5177,00;5185,00;3808469805,00;73483
WDOV26;01/09/2026;13:00:00;5179,00;5180,00;5177,50;5179,00;1888950795,00;36476
WDOV26;01/09/2026;12:45:00;5181,50;5182,00;5178,00;5179,50;1780333905,00;34370
WDOV26;01/09/2026;12:30:00;5180,50;5183,00;5179,00;5181,50;1602007835,00;30922
WDOV26;01/09/2026;12:15:00;5179,50;5183,00;5178,50;5180,50;1849015200,00;35692
WDOV26;01/09/2026;12:00:00;5178,00;5183,50;5175,50;5179,50;5436342115,00;104964
WDOV26;01/09/2026;11:45:00;5175,00;5179,50;5172,50;5178,00;4619208240,00;89227
WDOV26;01/09/2026;11:30:00;5182,00;5182,50;5173,00;5175,00;4521828305,00;87334
WDOV26;01/09/2026;11:15:00;5180,50;5184,50;5180,00;5182,50;3647205555,00;70369
WDOV26;01/09/2026;11:00:00;5186,50;5187,00;5178,50;5180,50;8553520175,00;165051
WDOV26;01/09/2026;10:45:00;5196,50;5197,50;5185,00;5186,00;8212165205,00;158210
WDOV26;01/09/2026;10:30:00;5204,50;5205,00;5195,50;5196,00;6011826090,00;115617
WDOV26;01/09/2026;10:15:00;5213,00;5213,50;5203,50;5205,00;4499711160,00;86399
WDOV26;01/09/2026;10:00:00;5218,50;5219,00;5211,00;5213,00;6108552195,00;117128
WDOV26;01/09/2026;09:45:00;5223,50;5225,00;5217,50;5218,50;3618350820,00;69307
WDOV26;01/09/2026;09:30:00;5227,00;5232,50;5221,50;5224,00;4463298785,00;85389
WDOV26;01/09/2026;09:15:00;5233,50;5234,00;5223,50;5227,50;5617762575,00;107479
WDOV26;01/09/2026;09:00:00;5224,00;5235,50;5222,50;5233,50;5869444700,00;112235
WDOV26;31/08/2026;18:15:00;5218,50;5220,00;5216,50;5218,50;531821325,00;10192
WDOV26;31/08/2026;18:00:00;5220,00;5221,00;5217,50;5218,50;416115705,00;7973
WDOV26;31/08/2026;17:45:00;5221,50;5222,50;5219,50;5220,00;695973690,00;13330
WDOV26;31/08/2026;17:30:00;5219,00;5222,00;5219,00;5221,50;411891245,00;7890
WDOV26;31/08/2026;17:15:00;5218,00;5221,00;5217,00;5219,50;1863263435,00;35701
WDOV26;31/08/2026;17:00:00;5216,50;5218,50;5214,50;5218,00;1683687180,00;32276
WDOV26;31/08/2026;16:45:00;5217,00;5217,00;5215,50;5216,50;1133162420,00;21723
WDOV26;31/08/2026;16:30:00;5216,50;5217,50;5215,00;5217,00;1618182390,00;31022
WDOV26;31/08/2026;16:15:00;5217,50;5219,50;5215,50;5216,50;1389583555,00;26633
WDOV26;31/08/2026;16:00:00;5219,50;5220,00;5216,00;5218,00;2393927665,00;45875
WDOV26;31/08/2026;15:45:00;5219,50;5220,50;5218,50;5219,50;1683601085,00;32256
WDOV26;31/08/2026;15:30:00;5223,00;5224,50;5217,50;5219,00;2808188565,00;53786
WDOV26;31/08/2026;15:15:00;5220,50;5223,00;5219,00;5223,00;1268980235,00;24306
WDOV26;31/08/2026;15:00:00;5220,50;5222,00;5219,50;5220,50;1185218660,00;22703
WDOV26;31/08/2026;14:45:00;5221,50;5223,00;5218,00;5220,00;2428899860,00;46533
WDOV26;31/08/2026;14:30:00;5220,50;5223,00;5219,00;5221,50;2072464605,00;39694
WDOV26;31/08/2026;14:15:00;5218,00;5221,50;5216,00;5221,00;1509264250,00;28922
WDOV26;31/08/2026;14:00:00;5215,00;5219,00;5214,00;5218,00;1235473580,00;23682
WDOV26;31/08/2026;13:45:00;5213,50;5217,00;5213,00;5215,00;1222608025,00;23444
WDOV26;31/08/2026;13:30:00;5213,50;5214,50;5212,50;5213,50;839141890,00;16095
WDOV26;31/08/2026;13:15:00;5213,50;5215,00;5212,00;5214,00;1099381550,00;21087
WDOV26;31/08/2026;13:00:00;5216,50;5217,00;5213,00;5214,00;1738922975,00;33345
WDOV26;31/08/2026;12:45:00;5211,50;5217,00;5210,50;5216,50;1463099735,00;28062
WDOV26;31/08/2026;12:30:00;5211,50;5213,50;5210,00;5212,00;2033496225,00;39018
WDOV26;31/08/2026;12:15:00;5215,00;5216,50;5211,00;5211,50;1664924265,00;31931
WDOV26;31/08/2026;12:00:00;5215,50;5218,00;5213,00;5214,50;3425481175,00;65675
WDOV26;31/08/2026;11:45:00;5217,00;5221,00;5214,00;5216,00;5244895465,00;100544
WDOV26;31/08/2026;11:30:00;5218,50;5221,00;5216,50;5217,00;2710794340,00;51944
WDOV26;31/08/2026;11:15:00;5217,00;5219,50;5214,00;5218,00;2941250080,00;56381
WDOV26;31/08/2026;11:00:00;5214,00;5218,50;5212,50;5217,00;4010852230,00;76898
WDOV26;31/08/2026;10:45:00;5201,00;5214,00;5200,00;5213,50;4575162285,00;87862
WDOV26;31/08/2026;10:30:00;5202,50;5203,50;5194,50;5201,00;6564488510,00;126274
WDOV26;31/08/2026;10:15:00;5209,00;5211,50;5201,00;5202,00;3500121525,00;67215
WDOV26;31/08/2026;10:00:00;5214,50;5217,00;5207,00;5209,50;5311090750,00;101905
WDOV26;31/08/2026;09:45:00;5212,00;5215,50;5207,00;5214,50;3876787950,00;74390
WDOV26;31/08/2026;09:30:00;5203,50;5212,50;5200,00;5212,00;5216706895,00;100194
WDOV26;31/08/2026;09:15:00;5201,50;5205,00;5199,00;5203,50;4310373625,00;82863
WDOV26;31/08/2026;09:00:00;5219,50;5221,00;5200,50;5201,00;7200687180,00;138242
WDOV26;28/08/2026;18:15:00;5225,50;5227,00;5222,00;5222,50;116863745,00;2237
WDOV26;28/08/2026;18:00:00;5231,50;5232,00;5225,00;5226,00;78862730,00;1508
WDOV26;28/08/2026;17:45:00;5233,00;5233,00;5230,50;5231,50;108775395,00;2079
WDOV26;28/08/2026;17:30:00;5233,00;5234,00;5230,50;5233,00;109606725,00;2095
WDOV26;28/08/2026;17:15:00;5234,00;5235,50;5232,50;5233,50;111796865,00;2136
WDOV26;28/08/2026;17:00:00;5233,00;5236,50;5232,50;5234,00;156227450,00;2985
WDOV26;28/08/2026;16:45:00;5235,50;5237,00;5232,00;5233,00;152477650,00;2913
WDOV26;28/08/2026;16:30:00;5238,50;5239,50;5233,50;5235,50;103010165,00;1967
WDOV26;28/08/2026;16:15:00;5242,50;5242,50;5238,00;5238,00;97899235,00;1868
WDOV26;28/08/2026;16:00:00;5242,00;5243,50;5240,50;5242,00;189503000,00;3615
WDOV26;28/08/2026;15:45:00;5243,50;5246,00;5241,00;5242,00;482509515,00;9203
WDOV26;28/08/2026;15:30:00;5249,50;5249,50;5241,50;5243,50;251626300,00;4798
WDOV26;28/08/2026;15:15:00;5250,50;5251,50;5246,00;5249,00;118677345,00;2261
WDOV26;28/08/2026;15:00:00;5250,50;5254,00;5249,50;5251,00;198201495,00;3774
WDOV26;28/08/2026;14:45:00;5254,50;5254,50;5248,50;5250,50;130900850,00;2493
WDOV26;28/08/2026;14:30:00;5250,50;5259,00;5250,00;5254,00;74185035,00;1412
WDOV26;28/08/2026;14:15:00;5252,50;5253,00;5250,00;5251,00;90796570,00;1729
WDOV26;28/08/2026;14:00:00;5251,50;5254,50;5250,50;5252,50;67696825,00;1289
WDOV26;28/08/2026;13:45:00;5254,50;5255,00;5247,50;5252,00;111930970,00;2132
WDOV26;28/08/2026;13:30:00;5256,50;5256,50;5250,00;5255,00;142941035,00;2721
WDOV26;28/08/2026;13:15:00;5264,00;5267,50;5255,50;5256,50;154756440,00;2941
WDOV26;28/08/2026;13:00:00;5254,00;5264,50;5253,00;5264,00;168666035,00;3207
WDOV26;28/08/2026;12:45:00;5251,50;5254,50;5248,50;5254,50;130793325,00;2491
WDOV26;28/08/2026;12:30:00;5245,50;5252,50;5244,00;5251,50;401335085,00;7644
WDOV26;28/08/2026;12:15:00;5248,00;5250,50;5244,00;5245,50;135436195,00;2581
WDOV26;28/08/2026;12:00:00;5240,00;5248,00;5238,00;5248,00;275946635,00;5262
WDOV26;28/08/2026;11:45:00;5241,00;5246,00;5236,00;5240,50;121009030,00;2309
WDOV26;28/08/2026;11:30:00;5245,50;5245,50;5236,50;5240,50;203959200,00;3892
WDOV26;28/08/2026;11:15:00;5231,00;5249,00;5230,50;5246,00;364455445,00;6954
WDOV26;28/08/2026;11:00:00;5223,00;5232,50;5213,50;5232,50;403433300,00;7718
WDOV26;28/08/2026;10:45:00;5232,00;5232,50;5215,00;5225,00;248915055,00;4765
WDOV26;28/08/2026;10:30:00;5225,50;5233,00;5225,00;5232,50;833316825,00;15942
WDOV26;28/08/2026;10:15:00;5216,50;5228,00;5216,50;5225,50;215377570,00;4124
WDOV26;28/08/2026;10:00:00;5207,00;5218,00;5207,00;5216,50;131199505,00;2517
WDOV26;28/08/2026;09:45:00;5198,50;5208,50;5198,00;5206,50;181244105,00;3484
WDOV26;28/08/2026;09:30:00;5198,50;5202,50;5197,00;5199,00;74523455,00;1433
WDOV26;28/08/2026;09:15:00;5202,50;5202,50;5196,50;5199,50;67342535,00;1295
WDOV26;28/08/2026;09:00:00;5200,00;5203,50;5194,00;5202,50;310334860,00;5969
WDOV26;27/08/2026;18:15:00;5201,00;5201,50;5200,00;5200,00;85447765,00;1643
WDOV26;27/08/2026;18:00:00;5201,50;5202,50;5200,00;5201,00;137606510,00;2646
WDOV26;27/08/2026;17:45:00;5200,50;5202,00;5200,50;5201,00;153275800,00;2947
WDOV26;27/08/2026;17:30:00;5200,50;5202,00;5200,00;5200,50;74571110,00;1434
WDOV26;27/08/2026;17:15:00;5201,50;5201,50;5200,00;5201,50;293181040,00;5637
WDOV26;27/08/2026;17:00:00;5202,00;5202,00;5199,50;5201,50;42535080,00;818
WDOV26;27/08/2026;16:45:00;5204,50;5205,00;5202,50;5202,50;5620855,00;108
WDOV26;27/08/2026;16:30:00;5204,00;5205,00;5203,50;5204,00;7234120,00;139
WDOV26;27/08/2026;16:15:00;5202,00;5204,00;5201,50;5204,00;367054195,00;7056
WDOV26;27/08/2026;16:00:00;5199,50;5202,50;5199,50;5202,00;12952455,00;249
WDOV26;27/08/2026;15:45:00;5202,50;5203,50;5198,50;5199,50;103794255,00;1996
WDOV26;27/08/2026;15:30:00;5203,00;5203,50;5199,50;5202,50;58094100,00;1117
WDOV26;27/08/2026;15:15:00;5203,00;5204,00;5201,50;5203,50;39435920,00;758
WDOV26;27/08/2026;15:00:00;5204,00;5207,00;5203,00;5203,00;65571595,00;1260
WDOV26;27/08/2026;14:45:00;5207,00;5207,00;5203,00;5204,50;61569955,00;1183
WDOV26;27/08/2026;14:30:00;5208,00;5208,00;5204,50;5206,00;63777125,00;1225
WDOV26;27/08/2026;14:15:00;5209,00;5210,50;5207,50;5207,50;13284265,00;255
WDOV26;27/08/2026;14:00:00;5209,50;5210,00;5208,50;5209,50;9012270,00;173
WDOV26;27/08/2026;13:45:00;5209,00;5210,50;5208,50;5209,50;4115770,00;79
WDOV26;27/08/2026;13:30:00;5209,50;5210,00;5208,00;5209,00;5573770,00;107
WDOV26;27/08/2026;13:15:00;5211,50;5213,00;5209,00;5209,50;9535550,00;183
WDOV26;27/08/2026;13:00:00;5208,50;5212,00;5208,50;5211,00;10577075,00;203
WDOV26;27/08/2026;12:45:00;5208,00;5209,50;5206,50;5209,00;16092845,00;309
WDOV26;27/08/2026;12:30:00;5211,50;5213,50;5206,50;5207,50;72304630,00;1388
WDOV26;27/08/2026;12:15:00;5210,50;5213,50;5210,50;5213,00;61082670,00;1172
WDOV26;27/08/2026;12:00:00;5208,50;5211,00;5207,50;5209,50;38496765,00;739
WDOV26;27/08/2026;11:45:00;5199,50;5209,50;5198,50;5209,00;43765485,00;841
WDOV26;27/08/2026;11:30:00;5202,00;5202,00;5199,50;5200,50;59183505,00;1138
WDOV26;27/08/2026;11:15:00;5201,00;5203,00;5199,00;5202,00;35887130,00;690
WDOV26;27/08/2026;11:00:00;5194,50;5202,00;5194,00;5201,50;34514710,00;664
WDOV26;27/08/2026;10:45:00;5193,00;5196,50;5192,50;5194,50;35011635,00;674
WDOV26;27/08/2026;10:30:00;5189,50;5193,50;5189,50;5192,50;62464490,00;1203
WDOV26;27/08/2026;10:15:00;5193,50;5193,50;5185,00;5189,00;623580165,00;12013
WDOV26;27/08/2026;10:00:00;5194,00;5196,00;5189,50;5193,50;65475515,00;1261
WDOV26;27/08/2026;09:45:00;5189,50;5196,00;5189,50;5193,50;22435730,00;432
WDOV26;27/08/2026;09:30:00;5187,00;5190,00;5183,50;5188,50;20491775,00;395
WDOV26;27/08/2026;09:15:00;5183,50;5190,50;5182,50;5187,50;56628665,00;1092
WDOV26;27/08/2026;09:00:00;5188,00;5193,50;5180,50;5183,50;79829255,00;1539
WDOV26;26/08/2026;18:15:00;5182,00;5185,00;5180,00;5185,00;9689525,00;187
WDOV26;26/08/2026;18:00:00;5188,00;5188,50;5182,00;5182,50;6534200,00;126
WDOV26;26/08/2026;17:45:00;5190,00;5191,00;5188,00;5188,00;4566230,00;88
WDOV26;26/08/2026;17:30:00;5188,50;5190,00;5188,50;5190,00;1971945,00;38
WDOV26;26/08/2026;17:15:00;5188,50;5189,50;5188,00;5188,50;4358400,00;84
WDOV26;26/08/2026;17:00:00;5191,00;5191,50;5187,50;5188,50;4826515,00;93
WDOV26;26/08/2026;16:45:00;5191,50;5193,50;5191,50;5191,50;1765295,00;34
WDOV26;26/08/2026;16:30:00;5192,50;5192,50;5192,00;5192,00;207685,00;4
WDOV26;26/08/2026;16:15:00;5194,00;5194,50;5191,50;5191,50;675140,00;13
WDOV26;26/08/2026;16:00:00;5194,00;5194,00;5192,00;5193,50;986775,00;19
WDOV26;26/08/2026;15:45:00;5192,50;5194,00;5191,50;5192,50;675050,00;13
WDOV26;26/08/2026;15:30:00;5192,50;5195,00;5191,50;5192,00;5297285,00;102
WDOV26;26/08/2026;15:15:00;5192,00;5194,50;5192,00;5192,50;7010955,00;135
WDOV26;26/08/2026;15:00:00;5192,00;5194,00;5191,50;5194,00;311540,00;6
WDOV26;26/08/2026;14:45:00;5194,00;5194,50;5192,00;5192,00;571260,00;11
WDOV26;26/08/2026;14:30:00;5192,50;5194,00;5192,50;5193,50;986740,00;19
WDOV26;26/08/2026;14:15:00;5195,00;5196,00;5192,50;5192,50;10753135,00;207
WDOV26;26/08/2026;14:00:00;5198,00;5198,00;5195,50;5195,50;1455050,00;28
WDOV26;26/08/2026;13:45:00;5199,00;5200,00;5198,50;5200,00;831825,00;16
WDOV26;26/08/2026;13:30:00;5197,00;5199,50;5197,00;5199,00;2339165,00;45
WDOV26;26/08/2026;13:15:00;5198,50;5198,50;5195,50;5196,50;987435,00;19
WDOV26;26/08/2026;13:00:00;5200,50;5202,00;5197,00;5198,00;1975750,00;38
WDOV26;26/08/2026;12:45:00;5197,50;5203,50;5197,50;5201,50;2184020,00;42
WDOV26;26/08/2026;12:30:00;5199,00;5199,00;5197,50;5197,50;883685,00;17
WDOV26;26/08/2026;12:15:00;5200,00;5201,00;5200,00;5200,00;2028295,00;39
WDOV26;26/08/2026;12:00:00;5201,00;5202,00;5198,00;5199,00;2807720,00;54
WDOV26;26/08/2026;11:45:00;5201,50;5203,00;5199,50;5199,50;8375725,00;161
WDOV26;26/08/2026;11:30:00;5198,50;5201,50;5197,50;5201,50;8785695,00;169
WDOV26;26/08/2026;11:15:00;5194,50;5198,00;5194,50;5196,00;1247225,00;24
WDOV26;26/08/2026;11:00:00;5194,50;5198,00;5191,00;5192,00;5505385,00;106
WDOV26;26/08/2026;10:45:00;5200,00;5200,00;5195,00;5196,00;10707390,00;206
WDOV26;26/08/2026;10:30:00;5196,50;5202,50;5196,00;5200,00;53296580,00;1025
WDOV26;26/08/2026;10:15:00;5196,50;5199,00;5196,00;5198,50;12212710,00;235
WDOV26;26/08/2026;10:00:00;5201,00;5203,50;5196,50;5196,50;13626155,00;262
WDOV26;26/08/2026;09:45:00;5193,00;5201,00;5192,00;5201,00;13146085,00;253
WDOV26;26/08/2026;09:30:00;5185,00;5195,50;5184,00;5193,00;17126935,00;330
WDOV26;26/08/2026;09:15:00;5183,50;5185,00;5182,50;5182,50;7619715,00;147
WDOV26;26/08/2026;09:00:00;5185,00;5191,00;5178,50;5183,00;69238580,00;1336
WDOV26;25/08/2026;18:15:00;5188,00;5189,00;5187,00;5188,50;466890,00;9
WDOV26;25/08/2026;18:00:00;5188,00;5188,00;5188,00;5188,00;207520,00;4
WDOV26;25/08/2026;17:45:00;5187,50;5188,50;5186,50;5188,50;4513225,00;87
WDOV26;25/08/2026;17:30:00;5187,00;5187,50;5187,00;5187,00;985595,00;19
WDOV26;25/08/2026;17:15:00;5183,00;5187,00;5183,00;5187,00;7518635,00;145
WDOV26;25/08/2026;17:00:00;5180,00;5183,00;5180,00;5183,00;8548700,00;165
WDOV26;25/08/2026;16:45:00;5186,00;5186,00;5180,00;5180,50;18861090,00;364
WDOV26;25/08/2026;16:30:00;5187,00;5187,50;5186,50;5187,00;1296705,00;25
WDOV26;25/08/2026;16:15:00;5186,00;5188,00;5185,50;5187,00;2697150,00;52
WDOV26;25/08/2026;16:00:00;5187,50;5188,00;5185,50;5186,00;15975475,00;308
WDOV26;25/08/2026;15:45:00;5187,00;5187,50;5186,50;5187,50;5601930,00;108
WDOV26;25/08/2026;15:30:00;5188,50;5188,50;5186,50;5187,00;10529910,00;203
WDOV26;25/08/2026;15:15:00;5189,50;5190,00;5189,00;5189,50;726530,00;14
WDOV26;25/08/2026;15:00:00;5191,50;5192,00;5190,00;5190,00;1920575,00;37
WDOV26;25/08/2026;14:45:00;5191,00;5191,50;5189,50;5190,50;3010440,00;58
WDOV26;25/08/2026;14:30:00;5193,50;5193,50;5191,00;5192,50;2076825,00;40
WDOV26;25/08/2026;14:15:00;5192,50;5193,50;5191,50;5193,50;882690,00;17
WDOV26;25/08/2026;14:00:00;5191,00;5193,00;5190,50;5192,50;1713235,00;33
WDOV26;25/08/2026;13:45:00;5191,00;5192,00;5190,50;5191,50;8098235,00;156
WDOV26;25/08/2026;13:30:00;5188,00;5190,50;5188,00;5190,50;3217565,00;62
WDOV26;25/08/2026;13:15:00;5188,00;5190,00;5188,00;5188,50;4358460,00;84
WDOV26;25/08/2026;13:00:00;5185,50;5188,00;5185,00;5188,00;2022910,00;39
WDOV26;25/08/2026;12:45:00;5188,50;5188,50;5185,50;5185,50;1141210,00;22
WDOV26;25/08/2026;12:30:00;5188,00;5189,00;5184,50;5189,00;18564590,00;358
WDOV26;25/08/2026;12:15:00;5188,50;5190,50;5188,00;5189,00;8302415,00;160
WDOV26;25/08/2026;12:00:00;5188,50;5188,50;5186,50;5187,00;3112680,00;60
WDOV26;25/08/2026;11:45:00;5184,50;5190,00;5184,50;5188,00;1659875,00;32
WDOV26;25/08/2026;11:30:00;5186,50;5191,00;5186,50;5187,50;8977700,00;173
WDOV26;25/08/2026;11:15:00;5190,50;5190,50;5185,00;5185,00;1089310,00;21
WDOV26;25/08/2026;11:00:00;5189,00;5191,50;5189,00;5190,00;1712700,00;33
WDOV26;25/08/2026;10:45:00;5192,00;5193,50;5192,00;5192,50;519230,00;10
WDOV26;25/08/2026;10:30:00;5184,00;5190,50;5183,50;5190,50;7519305,00;145
WDOV26;25/08/2026;10:15:00;5187,00;5187,50;5183,00;5183,50;4770175,00;92
WDOV26;25/08/2026;10:00:00;5193,00;5196,00;5184,00;5187,50;7005305,00;135
WDOV26;25/08/2026;09:45:00;5196,00;5197,00;5192,50;5192,50;9819240,00;189
WDOV26;25/08/2026;09:30:00;5202,00;5205,50;5196,00;5196,00;7386855,00;142
WDOV26;25/08/2026;09:15:00;5199,00;5206,00;5195,00;5202,00;8632885,00;166
WDOV26;25/08/2026;09:00:00;5192,50;5201,00;5187,00;5198,50;4831675,00;93
WDOV26;24/08/2026;18:15:00;5198,50;5200,00;5198,50;5199,50;1351765,00;26
WDOV26;24/08/2026;18:00:00;5196,50;5200,00;5196,50;5200,00;4263635,00;82
WDOV26;24/08/2026;17:45:00;5193,00;5195,50;5193,00;5195,00;1402580,00;27
WDOV26;24/08/2026;17:30:00;5193,50;5194,50;5193,00;5193,50;882925,00;17
WDOV26;24/08/2026;17:15:00;5192,50;5192,50;5191,50;5192,50;986475,00;19
WDOV26;24/08/2026;17:00:00;5194,50;5194,50;5190,50;5190,50;519220,00;10
WDOV26;24/08/2026;16:45:00;5196,00;5196,00;5194,00;5195,50;623405,00;12
WDOV26;24/08/2026;16:30:00;5196,50;5197,00;5196,00;5196,50;675560,00;13
WDOV26;24/08/2026;16:15:00;5197,00;5197,50;5195,50;5195,50;883400,00;17
WDOV26;24/08/2026;16:00:00;5195,50;5196,50;5194,00;5196,50;779270,00;15
WDOV26;24/08/2026;15:45:00;5193,00;5196,50;5193,00;5196,50;1766200,00;34
WDOV26;24/08/2026;15:30:00;5193,00;5193,50;5192,50;5193,00;1505980,00;29
WDOV26;24/08/2026;15:15:00;5194,00;5194,00;5191,50;5192,50;3375300,00;65
WDOV26;24/08/2026;15:00:00;5193,50;5195,50;5192,00;5195,00;1713840,00;33
WDOV26;24/08/2026;14:45:00;5192,00;5196,00;5192,00;5194,50;2649005,00;51
WDOV26;24/08/2026;14:30:00;5189,00;5192,50;5189,00;5192,00;2128255,00;41
WDOV26;24/08/2026;14:15:00;5184,00;5190,00;5183,50;5189,00;2126930,00;41
WDOV26;24/08/2026;14:00:00;5187,00;5188,00;5184,00;5184,50;1762900,00;34
WDOV26;24/08/2026;13:45:00;5186,00;5187,00;5185,50;5187,00;1815310,00;35
WDOV26;24/08/2026;13:30:00;5184,00;5186,00;5183,50;5186,00;985125,00;19
WDOV26;24/08/2026;13:15:00;5189,50;5189,50;5184,00;5186,00;674220,00;13
WDOV26;24/08/2026;13:00:00;5190,00;5191,50;5188,00;5190,50;2127800,00;41
WDOV26;24/08/2026;12:45:00;5188,50;5190,00;5188,00;5190,00;1193605,00;23
WDOV26;24/08/2026;12:30:00;5186,00;5188,50;5186,00;5188,00;2542105,00;49
WDOV26;24/08/2026;12:15:00;5190,00;5191,00;5183,50;5185,50;13275280,00;256
WDOV26;24/08/2026;12:00:00;5190,00;5190,00;5188,50;5188,50;103785,00;2
WDOV26;24/08/2026;11:45:00;5190,00;5193,00;5189,50;5189,50;5036270,00;97
WDOV26;24/08/2026;11:30:00;5190,50;5190,50;5185,50;5189,50;12863630,00;248
WDOV26;24/08/2026;11:15:00;5195,00;5195,00;5189,00;5189,00;3219265,00;62
WDOV26;24/08/2026;11:00:00;5194,00;5195,50;5192,50;5193,50;5870210,00;113
WDOV26;24/08/2026;10:45:00;5195,50;5196,00;5190,50;5190,50;8567225,00;165
WDOV26;24/08/2026;10:30:00;5204,00;5204,00;5192,50;5196,00;23591705,00;454
WDOV26;24/08/2026;10:15:00;5198,50;5205,00;5198,50;5204,00;4680625,00;90
WDOV26;24/08/2026;10:00:00;5194,50;5200,50;5194,00;5199,50;2702335,00;52
WDOV26;24/08/2026;09:45:00;5193,00;5194,50;5189,00;5194,50;1765400,00;34
WDOV26;24/08/2026;09:30:00;5184,50;5192,50;5184,00;5190,50;23915535,00;461
WDOV26;24/08/2026;09:15:00;5192,00;5192,50;5185,00;5185,00;2179275,00;42
WDOV26;24/08/2026;09:00:00;5188,00;5194,50;5188,00;5192,00;11525495,00;222
WDOV26;21/08/2026;18:15:00;5183,50;5189,50;5182,50;5187,00;3423770,00;66
WDOV26;21/08/2026;18:00:00;5185,00;5185,00;5183,00;5183,00;725680,00;14
WDOV26;21/08/2026;17:45:00;5187,00;5190,00;5184,50;5185,00;985525,00;19
WDOV26;21/08/2026;17:30:00;5188,50;5188,50;5186,00;5187,00;466830,00;9
WDOV26;21/08/2026;17:15:00;5189,50;5189,50;5186,50;5186,50;726255,00;14
WDOV26;21/08/2026;17:00:00;5189,00;5190,00;5188,50;5190,00;2283340,00;44
WDOV26;21/08/2026;16:45:00;5187,00;5188,50;5185,00;5186,00;1244800,00;24
WDOV26;21/08/2026;16:30:00;5186,50;5187,50;5185,50;5185,50;1192925,00;23
WDOV26;21/08/2026;16:15:00;5184,50;5186,50;5184,50;5186,50;3370620,00;65
WDOV26;21/08/2026;16:00:00;5182,00;5184,00;5181,50;5184,00;777420,00;15
WDOV26;21/08/2026;15:45:00;5181,00;5183,00;5180,50;5180,50;1140080,00;22
WDOV26;21/08/2026;15:30:00;5184,50;5185,00;5178,50;5180,50;11866625,00;229
WDOV26;21/08/2026;15:15:00;5189,50;5189,50;5181,50;5182,50;9956795,00;192
WDOV26;21/08/2026;15:00:00;5189,50;5191,00;5188,50;5190,00;3113885,00;60
WDOV26;21/08/2026;14:45:00;5191,50;5192,50;5191,00;5192,00;1194115,00;23
WDOV26;21/08/2026;14:30:00;5191,00;5193,00;5190,00;5193,00;1038230,00;20
WDOV26;21/08/2026;14:15:00;5191,50;5193,50;5191,00;5191,00;2180690,00;42
WDOV26;21/08/2026;14:00:00;5190,00;5192,00;5190,00;5192,00;2076105,00;40
WDOV26;21/08/2026;13:45:00;5191,00;5194,00;5190,50;5194,00;1350045,00;26
WDOV26;21/08/2026;13:30:00;5196,50;5197,00;5192,00;5192,00;1921950,00;37
WDOV26;21/08/2026;13:15:00;5194,00;5199,00;5191,00;5197,50;14809255,00;285
WDOV26;21/08/2026;13:00:00;5193,50;5195,00;5192,00;5193,00;4621970,00;89
WDOV26;21/08/2026;12:45:00;5197,50;5199,00;5191,50;5194,00;8104070,00;156
WDOV26;21/08/2026;12:30:00;5205,00;5205,50;5197,50;5197,50;9779445,00;188
WDOV26;21/08/2026;12:15:00;5209,00;5211,00;5205,00;5205,50;3437330,00;66
WDOV26;21/08/2026;12:00:00;5207,00;5207,50;5204,00;5206,50;2551045,00;49
WDOV26;21/08/2026;11:45:00;5210,50;5211,00;5206,50;5206,50;1249940,00;24
WDOV26;21/08/2026;11:30:00;5207,00;5210,00;5206,00;5210,00;1510170,00;29
WDOV26;21/08/2026;11:15:00;5212,50;5212,50;5203,50;5207,00;13333675,00;256
WDOV26;21/08/2026;11:00:00;5215,50;5217,50;5211,00;5211,50;4587870,00;88
WDOV26;21/08/2026;10:45:00;5219,50;5221,00;5212,50;5214,50;3181900,00;61
WDOV26;21/08/2026;10:30:00;5223,00;5223,50;5216,50;5218,00;8768795,00;168
WDOV26;21/08/2026;10:15:00;5223,00;5228,50;5221,50;5223,50;4808470,00;92
WDOV26;21/08/2026;10:00:00;5217,50;5227,50;5216,50;5225,50;3186770,00;61
WDOV26;21/08/2026;09:45:00;5217,50;5224,50;5217,50;5219,00;2087970,00;40
WDOV26;21/08/2026;09:30:00;5221,50;5226,00;5217,00;5217,00;4387600,00;84
WDOV26;21/08/2026;09:15:00;5222,50;5223,00;5219,00;5219,50;3341580,00;64
WDOV26;21/08/2026;09:00:00;5222,50;5222,50;5211,00;5220,00;8240940,00;158
WDOV26;20/08/2026;18:15:00;5241,00;5244,00;5241,00;5242,50;891130,00;17
WDOV26;20/08/2026;18:00:00;5245,00;5245,00;5241,50;5242,00;996255,00;19
WDOV26;20/08/2026;17:45:00;5243,00;5247,00;5243,00;5244,50;1363785,00;26
WDOV26;20/08/2026;17:30:00;5242,50;5243,00;5242,50;5242,50;891265,00;17
WDOV26;20/08/2026;17:15:00;5243,00;5243,00;5242,00;5242,00;471820,00;9
WDOV26;20/08/2026;17:00:00;5240,50;5241,00;5240,00;5240,50;995670,00;19
WDOV26;20/08/2026;16:45:00;5243,00;5243,00;5240,50;5241,00;628910,00;12
WDOV26;20/08/2026;16:15:00;5240,50;5241,00;5240,50;5240,50;471650,00;9
WDOV26;20/08/2026;16:00:00;5241,50;5241,50;5240,50;5240,50;1467590,00;28
WDOV26;20/08/2026;15:45:00;5240,00;5240,00;5239,00;5239,50;1152785,00;22
WDOV26;20/08/2026;15:30:00;5241,50;5242,00;5240,50;5240,50;1362785,00;26
WDOV26;20/08/2026;15:15:00;5240,50;5240,50;5240,00;5240,50;314420,00;6
WDOV26;20/08/2026;15:00:00;5239,00;5240,50;5238,50;5240,50;628680,00;12
WDOV26;20/08/2026;14:45:00;5238,50;5239,00;5238,50;5238,50;523870,00;10
WDOV26;20/08/2026;14:30:00;5237,50;5239,00;5236,00;5239,00;523740,00;10
WDOV26;20/08/2026;14:15:00;5239,00;5240,00;5238,00;5238,00;733415,00;14
WDOV26;20/08/2026;14:00:00;5239,00;5239,00;5239,00;5239,00;419120,00;8
WDOV26;20/08/2026;13:45:00;5237,00;5238,00;5237,00;5238,00;314245,00;6
WDOV26;20/08/2026;13:30:00;5236,00;5236,00;5235,00;5235,50;209425,00;4
WDOV26;20/08/2026;13:15:00;5234,00;5236,00;5234,00;5236,00;261750,00;5
WDOV26;20/08/2026;13:00:00;5231,50;5233,50;5231,00;5233,00;1360480,00;26
WDOV26;20/08/2026;12:45:00;5237,50;5237,50;5231,00;5231,50;1256095,00;24
WDOV26;20/08/2026;12:30:00;5235,00;5238,00;5235,00;5237,50;1152030,00;22
WDOV26;20/08/2026;12:15:00;5231,00;5233,50;5230,00;5231,00;418540,00;8
WDOV26;20/08/2026;12:00:00;5236,50;5236,50;5226,00;5232,00;8684785,00;166
WDOV26;20/08/2026;11:45:00;5237,50;5239,50;5236,00;5236,50;1152195,00;22
WDOV26;20/08/2026;11:30:00;5244,50;5244,50;5237,50;5239,50;1677000,00;32
WDOV26;20/08/2026;11:15:00;5244,50;5249,00;5244,00;5248,50;1836155,00;35
WDOV26;20/08/2026;11:00:00;5240,50;5243,50;5240,50;5242,00;1205590,00;23
WDOV26;20/08/2026;10:45:00;5241,00;5241,50;5235,00;5238,50;1832895,00;35
WDOV26;20/08/2026;10:30:00;5238,00;5241,00;5235,00;5239,50;3561545,00;68
WDOV26;20/08/2026;10:15:00;5235,00;5244,00;5235,00;5242,00;4663970,00;89
WDOV26;20/08/2026;10:00:00;5228,50;5234,50;5226,50;5234,50;8111330,00;155
WDOV26;20/08/2026;09:45:00;5235,00;5235,00;5229,00;5231,00;4080455,00;78
WDOV26;20/08/2026;09:30:00;5235,50;5241,00;5235,50;5235,50;6076390,00;116
WDOV26;20/08/2026;09:15:00;5238,50;5240,50;5233,50;5235,50;4817105,00;92
WDOV26;20/08/2026;09:00:00;5227,00;5242,50;5227,00;5238,00;5972490,00;114
WDOV26;19/08/2026;18:15:00;5225,50;5227,50;5224,00;5224,00;888470,00;17
WDOV26;19/08/2026;18:00:00;5225,00;5225,00;5224,50;5224,50;574745,00;11
WDOV26;19/08/2026;17:45:00;5227,00;5227,00;5223,00;5223,00;3918490,00;75
WDOV26;19/08/2026;17:30:00;5226,50;5227,00;5226,00;5227,00;940700,00;18
WDOV26;19/08/2026;17:15:00;5228,50;5230,00;5227,00;5227,00;2248550,00;43
WDOV26;19/08/2026;17:00:00;5224,50;5228,00;5224,00;5227,00;993065,00;19
WDOV26;19/08/2026;16:45:00;5222,00;5226,00;5222,00;5226,00;2507670,00;48
WDOV26;19/08/2026;16:30:00;5219,00;5222,00;5219,00;5222,00;574245,00;11
WDOV26;19/08/2026;16:15:00;5221,50;5221,50;5221,50;5221,50;104430,00;2
WDOV26;19/08/2026;16:00:00;5216,50;5221,00;5216,50;5221,00;2191820,00;42
WDOV26;19/08/2026;15:45:00;5217,00;5217,00;5216,00;5216,00;573835,00;11
WDOV26;19/08/2026;15:30:00;5221,00;5221,00;5219,00;5219,00;208805,00;4
WDOV26;19/08/2026;15:15:00;5219,00;5222,00;5219,00;5222,00;887620,00;17
WDOV26;19/08/2026;15:00:00;5222,50;5222,50;5217,00;5218,00;469730,00;9
WDOV26;19/08/2026;14:45:00;5218,00;5222,00;5218,00;5221,00;626470,00;12
WDOV26;19/08/2026;14:30:00;5219,00;5219,50;5218,50;5218,50;208755,00;4
WDOV26;19/08/2026;14:15:00;5220,00;5221,50;5220,00;5220,00;522060,00;10
WDOV26;19/08/2026;14:00:00;5216,00;5220,50;5215,00;5220,50;573975,00;11
WDOV26;19/08/2026;13:45:00;5217,00;5217,50;5216,50;5217,50;208680,00;4
WDOV26;19/08/2026;13:30:00;5218,50;5218,50;5217,00;5217,50;2660915,00;51
WDOV26;19/08/2026;13:15:00;5215,50;5220,00;5215,50;5220,00;521785,00;10
WDOV26;19/08/2026;13:00:00;5217,00;5217,00;5213,00;5214,50;2607660,00;50
WDOV26;19/08/2026;12:45:00;5215,00;5218,50;5214,50;5218,50;365075,00;7
WDOV26;19/08/2026;12:30:00;5220,00;5220,50;5214,50;5214,50;1721985,00;33
WDOV26;19/08/2026;12:15:00;5218,00;5224,50;5218,00;5222,00;3238225,00;62
WDOV26;19/08/2026;12:00:00;5223,00;5223,00;5218,50;5218,50;417595,00;8
WDOV26;19/08/2026;11:45:00;5218,50;5225,00;5218,00;5225,00;1253250,00;24
WDOV26;19/08/2026;11:30:00;5222,50;5222,50;5215,50;5217,50;1200185,00;23
WDOV26;19/08/2026;11:15:00;5219,50;5224,00;5217,50;5224,00;1827050,00;35
WDOV26;19/08/2026;11:00:00;5217,00;5222,00;5217,00;5218,50;1304915,00;25
WDOV26;19/08/2026;10:45:00;5208,50;5218,00;5208,00;5218,00;2086085,00;40
WDOV26;19/08/2026;10:30:00;5207,00;5213,00;5206,50;5208,50;2083760,00;40
WDOV26;19/08/2026;10:15:00;5212,00;5214,00;5207,00;5207,00;3230840,00;62
WDOV26;19/08/2026;10:00:00;5225,00;5225,00;5209,50;5211,50;15539270,00;298
WDOV26;19/08/2026;09:45:00;5231,50;5233,00;5222,00;5224,00;12174235,00;233
WDOV26;19/08/2026;09:30:00;5246,50;5246,50;5224,50;5233,50;8793060,00;168
WDOV26;19/08/2026;09:15:00;5252,50;5252,50;5244,50;5246,00;2623660,00;50
WDOV26;19/08/2026;09:00:00;5260,00;5260,00;5249,50;5251,00;5883660,00;112
WDOV26;18/08/2026;18:15:00;5265,50;5265,50;5263,00;5263,50;842215,00;16
WDOV26;18/08/2026;18:00:00;5268,50;5269,50;5265,50;5266,00;1474705,00;28
WDOV26;18/08/2026;17:45:00;5272,00;5273,00;5267,50;5267,50;526990,00;10
WDOV26;18/08/2026;17:30:00;5270,50;5272,00;5270,50;5272,00;368970,00;7
WDOV26;18/08/2026;17:15:00;5269,50;5270,00;5268,50;5270,00;579625,00;11
WDOV26;18/08/2026;17:00:00;5272,00;5272,50;5271,00;5272,00;527190,00;10
WDOV26;18/08/2026;16:45:00;5268,50;5272,00;5268,50;5272,00;948760,00;18
WDOV26;18/08/2026;16:30:00;5268,00;5270,00;5268,00;5268,50;368805,00;7
WDOV26;18/08/2026;16:15:00;5270,00;5270,00;5267,50;5267,50;579625,00;11
WDOV26;18/08/2026;16:00:00;5270,00;5272,00;5270,00;5270,00;1106880,00;21
WDOV26;18/08/2026;15:45:00;5265,00;5271,00;5264,50;5269,50;2950250,00;56
WDOV26;18/08/2026;15:30:00;5260,00;5266,50;5259,50;5266,50;1052450,00;20
WDOV26;18/08/2026;15:15:00;5263,00;5264,00;5259,50;5259,50;631440,00;12
WDOV26;18/08/2026;15:00:00;5266,00;5266,00;5263,00;5263,00;473850,00;9
WDOV26;18/08/2026;14:45:00;5264,50;5264,50;5262,00;5262,00;473685,00;9
WDOV26;18/08/2026;14:30:00;5261,50;5266,00;5261,50;5264,50;1684490,00;32
WDOV26;18/08/2026;14:15:00;5262,00;5262,00;5261,50;5262,00;368335,00;7
WDOV26;18/08/2026;14:00:00;5260,00;5261,50;5260,00;5260,00;999530,00;19
WDOV26;18/08/2026;13:45:00;5259,50;5261,00;5258,50;5259,00;1315020,00;25
WDOV26;18/08/2026;13:30:00;5259,50;5260,00;5258,00;5260,00;473290,00;9
WDOV26;18/08/2026;13:15:00;5258,50;5258,50;5256,50;5257,00;893705,00;17
WDOV26;18/08/2026;13:00:00;5257,50;5260,00;5257,50;5259,00;473335,00;9
WDOV26;18/08/2026;12:45:00;5259,50;5260,00;5255,50;5256,50;1524700,00;29
WDOV26;18/08/2026;12:30:00;5265,50;5265,50;5260,00;5260,00;2104795,00;40
WDOV26;18/08/2026;12:15:00;5266,00;5269,00;5264,50;5265,50;1369265,00;26
WDOV26;18/08/2026;12:00:00;5251,50;5271,00;5251,50;5271,00;7941770,00;151
WDOV26;18/08/2026;11:45:00;5247,50;5253,00;5245,00;5251,50;1731765,00;33
WDOV26;18/08/2026;11:30:00;5246,00;5249,50;5246,00;5246,50;996890,00;19
WDOV26;18/08/2026;11:15:00;5247,00;5247,00;5242,00;5246,00;1311135,00;25
WDOV26;18/08/2026;11:00:00;5247,50;5250,00;5244,50;5246,00;3043055,00;58
WDOV26;18/08/2026;10:45:00;5253,50;5255,00;5249,00;5249,00;2678440,00;51
WDOV26;18/08/2026;10:30:00;5266,00;5269,00;5251,50;5252,00;3944745,00;75
WDOV26;18/08/2026;10:15:00;5262,50;5265,00;5261,00;5264,50;1842085,00;35
WDOV26;18/08/2026;10:00:00;5257,50;5262,50;5256,50;5259,00;841540,00;16
WDOV26;18/08/2026;09:45:00;5258,50;5258,50;5256,00;5257,00;1261750,00;24
WDOV26;18/08/2026;09:30:00;5259,00;5261,50;5258,50;5261,50;631100,00;12
WDOV26;18/08/2026;09:15:00;5255,00;5261,00;5251,50;5260,50;5360140,00;102
WDOV26;18/08/2026;09:00:00;5252,50;5267,00;5252,50;5256,00;3734550,00;71
WDOV26;17/08/2026;18:15:00;5254,00;5258,00;5254,00;5257,50;3942610,00;75
WDOV26;17/08/2026;18:00:00;5255,50;5256,00;5255,00;5255,00;946040,00;18
WDOV26;17/08/2026;17:45:00;5253,00;5255,00;5253,00;5254,50;788135,00;15
WDOV26;17/08/2026;17:30:00;5255,00;5255,50;5254,00;5254,00;735740,00;14
WDOV26;17/08/2026;17:15:00;5254,00;5255,00;5254,00;5255,00;840690,00;16
WDOV26;17/08/2026;17:00:00;5252,50;5256,00;5252,50;5254,00;2259560,00;43
WDOV26;17/08/2026;16:45:00;5250,00;5253,00;5250,00;5253,00;1365480,00;26
WDOV26;17/08/2026;16:30:00;5251,00;5252,50;5250,50;5251,50;1680360,00;32
WDOV26;17/08/2026;16:15:00;5252,00;5253,00;5249,50;5251,00;1680465,00;32
WDOV26;17/08/2026;16:00:00;5252,50;5254,00;5251,50;5253,00;1208195,00;23
WDOV26;17/08/2026;15:45:00;5254,00;5254,50;5251,00;5252,50;1260545,00;24
WDOV26;17/08/2026;15:30:00;5252,00;5254,50;5252,00;5254,50;4097045,00;78
WDOV26;17/08/2026;15:15:00;5252,00;5252,00;5251,00;5251,00;157550,00;3
WDOV26;17/08/2026;15:00:00;5254,50;5254,50;5254,50;5254,50;52545,00;1
WDOV26;17/08/2026;14:45:00;5252,50;5256,00;5251,50;5256,00;840415,00;16
WDOV26;17/08/2026;14:30:00;5251,00;5256,50;5251,00;5256,00;1208705,00;23
WDOV26;17/08/2026;14:15:00;5248,50;5253,50;5248,50;5253,50;630165,00;12
WDOV26;17/08/2026;14:00:00;5240,50;5248,00;5240,00;5246,00;3776875,00;72
WDOV26;17/08/2026;13:45:00;5240,50;5242,50;5240,00;5242,50;629025,00;12
WDOV26;17/08/2026;13:30:00;5241,00;5242,00;5238,00;5238,00;733705,00;14
WDOV26;17/08/2026;13:15:00;5239,00;5240,50;5238,50;5240,50;261960,00;5
WDOV26;17/08/2026;13:00:00;5238,00;5240,50;5238,00;5240,00;943170,00;18
WDOV26;17/08/2026;12:45:00;5241,50;5241,50;5238,00;5238,00;838300,00;16
WDOV26;17/08/2026;12:30:00;5234,00;5243,00;5234,00;5242,50;3770525,00;72
WDOV26;17/08/2026;12:15:00;5241,50;5241,50;5235,00;5235,50;1362085,00;26
WDOV26;17/08/2026;12:00:00;5241,50;5244,00;5238,00;5239,50;4612995,00;88
WDOV26;17/08/2026;11:45:00;5239,50;5241,50;5238,00;5240,00;681070,00;13
WDOV26;17/08/2026;11:30:00;5240,00;5241,00;5234,00;5239,00;8900705,00;170
WDOV26;17/08/2026;11:15:00;5249,50;5250,00;5240,50;5240,50;2884700,00;55
WDOV26;17/08/2026;11:00:00;5261,00;5261,50;5250,00;5250,00;2681525,00;51
WDOV26;17/08/2026;10:45:00;5268,00;5269,50;5259,50;5261,00;789580,00;15
WDOV26;17/08/2026;10:30:00;5259,50;5268,00;5258,50;5268,00;368410,00;7
WDOV26;17/08/2026;10:15:00;5264,00;5264,50;5255,00;5261,50;8833400,00;168
WDOV26;17/08/2026;10:00:00;5265,50;5272,00;5265,00;5268,00;1791185,00;34
WDOV26;17/08/2026;09:45:00;5269,50;5275,00;5264,00;5264,00;4428510,00;84
WDOV26;17/08/2026;09:30:00;5267,50;5272,00;5267,00;5270,50;2740345,00;52
WDOV26;17/08/2026;09:15:00;5263,00;5267,50;5260,50;5267,00;3474540,00;66
WDOV26;17/08/2026;09:00:00;5269,00;5269,00;5257,00;5264,00;12204200,00;232
WDOV26;14/08/2026;18:15:00;5271,00;5272,50;5269,00;5269,00;7536660,00;143
WDOV26;14/08/2026;18:00:00;5272,50;5273,00;5271,50;5271,50;1528875,00;29
WDOV26;14/08/2026;17:45:00;5272,00;5277,50;5272,00;5277,50;2426465,00;46
WDOV26;14/08/2026;17:30:00;5273,00;5274,00;5272,00;5273,00;1318190,00;25
WDOV26;14/08/2026;17:15:00;5274,00;5275,50;5272,50;5274,50;896485,00;17
WDOV26;14/08/2026;17:00:00;5272,00;5274,50;5270,50;5274,00;948920,00;18
WDOV26;14/08/2026;16:45:00;5277,00;5277,00;5272,50;5276,00;949450,00;18
WDOV26;14/08/2026;16:30:00;5278,00;5278,00;5276,00;5276,00;474920,00;9
WDOV26;14/08/2026;16:15:00;5282,00;5282,00;5277,00;5278,00;844705,00;16
WDOV26;14/08/2026;16:00:00;5282,00;5283,50;5281,00;5281,00;475335,00;9
WDOV26;14/08/2026;15:45:00;5278,50;5284,00;5275,50;5284,00;1161470,00;22
WDOV26;14/08/2026;15:30:00;5279,00;5282,00;5277,00;5278,50;5438210,00;103
WDOV26;14/08/2026;15:15:00;5285,50;5285,50;5279,00;5279,50;1795820,00;34
WDOV26;14/08/2026;15:00:00;5292,50;5292,50;5286,00;5287,50;1481265,00;28
WDOV26;14/08/2026;14:45:00;5300,00;5300,00;5297,00;5297,00;529825,00;10
WDOV26;14/08/2026;14:30:00;5296,50;5300,00;5296,00;5299,00;2119075,00;40
WDOV26;14/08/2026;14:15:00;5292,50;5293,50;5291,50;5293,50;741020,00;14
WDOV26;14/08/2026;14:00:00;5290,00;5294,00;5290,00;5294,00;2910525,00;55
WDOV26;14/08/2026;13:45:00;5294,00;5294,00;5289,50;5289,50;1799535,00;34
WDOV26;14/08/2026;13:30:00;5296,00;5298,50;5292,50;5294,00;2965100,00;56
WDOV26;14/08/2026;13:15:00;5300,50;5300,50;5295,50;5295,50;3019890,00;57
WDOV26;14/08/2026;13:00:00;5295,50;5302,50;5295,50;5302,50;953825,00;18
WDOV26;14/08/2026;12:45:00;5295,00;5298,00;5293,00;5297,00;2435495,00;46
WDOV26;14/08/2026;12:30:00;5286,00;5294,00;5285,00;5294,00;7510415,00;142
WDOV26;14/08/2026;12:15:00;5278,00;5288,00;5275,50;5286,50;7764745,00;147
WDOV26;14/08/2026;12:00:00;5280,50;5283,50;5277,50;5279,00;2006830,00;38
WDOV26;14/08/2026;11:45:00;5273,50;5279,50;5273,00;5279,50;2110440,00;40
WDOV26;14/08/2026;11:30:00;5272,50;5278,00;5272,50;5275,00;1793190,00;34
WDOV26;14/08/2026;11:15:00;5276,00;5279,50;5274,50;5275,00;4854915,00;92
WDOV26;14/08/2026;11:00:00;5278,00;5278,50;5272,50;5274,50;5065265,00;96
WDOV26;14/08/2026;10:45:00;5271,50;5277,50;5267,50;5277,50;10493585,00;199
WDOV26;14/08/2026;10:30:00;5273,50;5286,00;5270,50;5271,00;17792950,00;337
WDOV26;14/08/2026;10:15:00;5265,00;5273,00;5262,00;5272,00;23435235,00;445
WDOV26;14/08/2026;10:00:00;5249,00;5265,50;5249,00;5265,50;10993645,00;209
WDOV26;14/08/2026;09:45:00;5258,50;5260,00;5243,00;5249,00;9610050,00;183
WDOV26;14/08/2026;09:30:00;5234,00;5258,50;5229,00;5258,50;14090270,00;269
WDOV26;14/08/2026;09:15:00;5238,00;5238,00;5232,50;5235,00;6177240,00;118
WDOV26;14/08/2026;09:00:00;5231,00;5240,00;5227,00;5238,00;6908235,00;132
WDOV26;13/08/2026;18:15:00;5243,00;5243,00;5237,00;5238,50;5762980,00;110
WDOV26;13/08/2026;18:00:00;5244,50;5244,50;5242,50;5243,00;2569280,00;49
WDOV26;13/08/2026;17:45:00;5243,50;5246,00;5243,50;5244,50;1625645,00;31
WDOV26;13/08/2026;17:30:00;5245,00;5245,00;5243,00;5243,00;1573170,00;30
WDOV26;13/08/2026;17:15:00;5246,50;5247,50;5246,00;5247,50;472205,00;9
WDOV26;13/08/2026;17:00:00;5248,50;5248,50;5245,00;5245,00;524605,00;10
WDOV26;13/08/2026;16:45:00;5248,00;5248,50;5248,00;5248,50;104965,00;2
WDOV26;13/08/2026;16:30:00;5245,50;5247,50;5245,50;5246,50;157395,00;3
WDOV26;13/08/2026;16:15:00;5245,00;5245,50;5245,00;5245,50;472055,00;9
WDOV26;13/08/2026;16:00:00;5246,50;5247,50;5246,00;5246,00;577170,00;11
WDOV26;13/08/2026;15:45:00;5245,00;5245,00;5244,00;5245,00;1258680,00;24
WDOV26;13/08/2026;15:30:00;5247,50;5247,50;5245,50;5245,50;682030,00;13
WDOV26;13/08/2026;15:15:00;5247,00;5248,50;5246,00;5248,50;472215,00;9
WDOV26;13/08/2026;15:00:00;5248,00;5248,50;5246,00;5246,00;524745,00;10
WDOV26;13/08/2026;14:45:00;5249,00;5250,00;5248,00;5249,50;1889865,00;36
WDOV26;13/08/2026;14:30:00;5246,50;5250,50;5246,50;5250,00;12962480,00;247
WDOV26;13/08/2026;14:15:00;5246,50;5246,50;5243,00;5245,50;472035,00;9
WDOV26;13/08/2026;14:00:00;5246,50;5247,50;5245,00;5245,50;839395,00;16
WDOV26;13/08/2026;13:45:00;5245,00;5245,00;5245,00;5245,00;734300,00;14
WDOV26;13/08/2026;13:30:00;5251,00;5251,00;5244,00;5244,00;4301790,00;82
WDOV26;13/08/2026;13:15:00;5246,00;5252,50;5246,00;5251,00;13702445,00;261
WDOV26;13/08/2026;13:00:00;5246,00;5246,00;5242,50;5245,50;5558385,00;106
WDOV26;13/08/2026;12:45:00;5245,00;5245,00;5244,00;5245,00;262230,00;5
WDOV26;13/08/2026;12:30:00;5248,00;5248,00;5245,00;5245,00;2202985,00;42
WDOV26;13/08/2026;12:15:00;5248,00;5249,00;5247,50;5248,50;1049725,00;20
WDOV26;13/08/2026;12:00:00;5245,00;5250,00;5245,00;5246,00;3778180,00;72
WDOV26;13/08/2026;11:45:00;5242,00;5247,00;5242,00;5244,00;3146940,00;60
WDOV26;13/08/2026;11:30:00;5245,00;5248,00;5240,50;5241,00;3356975,00;64
WDOV26;13/08/2026;11:15:00;5239,50;5244,00;5239,50;5244,00;2568375,00;49
WDOV26;13/08/2026;11:00:00;5245,50;5245,50;5238,50;5238,50;1205345,00;23
WDOV26;13/08/2026;10:45:00;5235,00;5247,50;5235,00;5245,50;5138170,00;98
WDOV26;13/08/2026;10:30:00;5237,00;5243,50;5235,00;5237,50;11584170,00;221
WDOV26;13/08/2026;10:15:00;5235,00;5236,00;5233,00;5235,00;1204070,00;23
WDOV26;13/08/2026;10:00:00;5242,00;5243,00;5232,50;5235,00;8748930,00;167
WDOV26;13/08/2026;09:45:00;5249,50;5249,50;5240,00;5240,00;786575,00;15
WDOV26;13/08/2026;09:30:00;5248,00;5255,50;5245,00;5246,50;4251440,00;81
WDOV26;13/08/2026;09:15:00;5241,50;5251,00;5241,00;5250,00;6085735,00;116
WDOV26;13/08/2026;09:00:00;5241,50;5245,00;5237,50;5241,50;16613680,00;317
WDOV26;12/08/2026;18:15:00;5240,00;5250,00;5240,00;5250,00;4457840,00;85
WDOV26;12/08/2026;18:00:00;5234,50;5240,00;5234,50;5240,00;12151410,00;232
WDOV26;12/08/2026;17:45:00;5233,00;5236,00;5233,00;5234,50;2721850,00;52
WDOV26;12/08/2026;17:30:00;5232,50;5232,50;5232,50;5232,50;52325,00;1
WDOV26;12/08/2026;17:15:00;5235,50;5235,50;5233,50;5233,50;261725,00;5
WDOV26;12/08/2026;17:00:00;5237,00;5237,50;5233,00;5235,00;1308705,00;25
WDOV26;12/08/2026;16:45:00;5235,00;5237,50;5234,50;5235,00;4817300,00;92
WDOV26;12/08/2026;16:30:00;5230,00;5236,00;5230,00;5235,00;9105485,00;174
WDOV26;12/08/2026;16:15:00;5226,00;5230,50;5226,00;5230,00;10091995,00;193
WDOV26;12/08/2026;16:00:00;5219,00;5228,00;5219,00;5227,00;2925490,00;56
WDOV26;12/08/2026;15:45:00;5221,00;5222,00;5219,00;5219,00;835190,00;16
WDOV26;12/08/2026;15:30:00;5222,50;5224,00;5219,50;5221,00;4073485,00;78
WDOV26;12/08/2026;15:15:00;5221,50;5222,50;5220,50;5220,50;365505,00;7
WDOV26;12/08/2026;15:00:00;5221,00;5222,00;5220,50;5222,00;3498290,00;67
WDOV26;12/08/2026;14:45:00;5220,00;5222,00;5220,00;5222,00;417735,00;8
WDOV26;12/08/2026;14:30:00;5218,50;5220,00;5218,00;5219,50;5584440,00;107
WDOV26;12/08/2026;14:15:00;5218,00;5218,50;5218,00;5218,00;5061930,00;97
WDOV26;12/08/2026;14:00:00;5217,00;5218,00;5217,00;5218,00;417370,00;8
WDOV26;12/08/2026;13:45:00;5217,00;5218,50;5216,00;5218,50;1930000,00;37
WDOV26;12/08/2026;13:30:00;5220,00;5220,00;5217,50;5217,50;156560,00;3
WDOV26;12/08/2026;13:15:00;5222,00;5223,00;5217,50;5219,50;5168295,00;99
WDOV26;12/08/2026;13:00:00;5221,00;5223,00;5220,50;5222,00;626695,00;12
WDOV26;12/08/2026;12:45:00;5223,50;5224,00;5221,50;5221,50;470050,00;9
WDOV26;12/08/2026;12:30:00;5223,00;5224,50;5222,50;5222,50;313415,00;6
WDOV26;12/08/2026;12:15:00;5225,50;5225,50;5220,00;5222,00;3186020,00;61
WDOV26;12/08/2026;12:00:00;5231,50;5232,50;5224,50;5224,50;5229230,00;100
WDOV26;12/08/2026;11:45:00;5231,00;5231,50;5229,50;5231,50;1621405,00;31
WDOV26;12/08/2026;11:30:00;5225,00;5231,50;5225,00;5231,50;4287435,00;82
WDOV26;12/08/2026;11:15:00;5228,50;5230,50;5223,00;5224,50;1985480,00;38
WDOV26;12/08/2026;11:00:00;5227,50;5229,50;5223,00;5227,50;2247335,00;43
WDOV26;12/08/2026;10:45:00;5223,50;5226,00;5221,50;5226,00;3552470,00;68
WDOV26;12/08/2026;10:30:00;5223,00;5230,50;5222,00;5230,50;1724090,00;33
WDOV26;12/08/2026;10:15:00;5224,50;5235,50;5223,00;5223,50;13811590,00;264
WDOV26;12/08/2026;10:00:00;5210,00;5221,00;5208,00;5221,00;2710880,00;52
WDOV26;12/08/2026;09:45:00;5197,00;5211,50;5197,00;5208,50;3695415,00;71
WDOV26;12/08/2026;09:30:00;5205,50;5215,50;5194,00;5196,50;19558455,00;376
WDOV26;12/08/2026;09:15:00;5212,50;5216,00;5207,00;5209,00;6463165,00;124
WDOV26;12/08/2026;09:00:00;5200,00;5218,00;5200,00;5214,50;6515395,00;125
WDOV26;11/08/2026;18:15:00;5224,00;5224,00;5216,50;5216,50;15711000,00;301
WDOV26;11/08/2026;18:00:00;5221,00;5224,50;5221,00;5224,50;887900,00;17
WDOV26;11/08/2026;17:45:00;5219,50;5223,00;5219,50;5220,50;1253070,00;24
WDOV26;11/08/2026;17:30:00;5219,00;5221,00;5218,50;5218,50;678575,00;13
WDOV26;11/08/2026;17:00:00;5222,50;5222,50;5218,00;5218,00;574310,00;11
WDOV26;11/08/2026;16:45:00;5221,50;5223,00;5221,50;5222,00;1618930,00;31
WDOV26;11/08/2026;16:30:00;5223,00;5223,00;5220,50;5220,50;469960,00;9
WDOV26;11/08/2026;16:15:00;5225,50;5226,00;5222,50;5222,50;1410920,00;27
WDOV26;11/08/2026;16:00:00;5227,50;5227,50;5224,00;5225,00;1306565,00;25
WDOV26;11/08/2026;15:45:00;5232,50;5232,50;5230,00;5230,00;889180,00;17
WDOV26;11/08/2026;15:30:00;5236,00;5236,00;5231,50;5232,50;941970,00;18
WDOV26;11/08/2026;15:15:00;5225,50;5236,50;5225,50;5236,50;7638020,00;146
WDOV26;11/08/2026;15:00:00;5222,00;5225,50;5222,00;5225,00;1567205,00;30
WDOV26;11/08/2026;14:45:00;5219,00;5219,00;5217,00;5219,00;1774160,00;34
WDOV26;11/08/2026;14:30:00;5221,50;5222,50;5218,50;5218,50;2558475,00;49
WDOV26;11/08/2026;14:15:00;5219,50;5225,00;5219,00;5224,50;731215,00;14
WDOV26;11/08/2026;14:00:00;5219,00;5222,00;5219,00;5222,00;939605,00;18
WDOV26;11/08/2026;13:45:00;5219,00;5220,00;5217,00;5219,00;678395,00;13
WDOV26;11/08/2026;13:30:00;5221,50;5222,00;5218,00;5219,00;1618010,00;31
WDOV26;11/08/2026;13:15:00;5223,00;5223,00;5219,50;5222,00;313290,00;6
WDOV26;11/08/2026;13:00:00;5221,50;5224,00;5219,00;5219,00;2088225,00;40
WDOV26;11/08/2026;12:45:00;5221,50;5221,50;5218,50;5219,00;2088080,00;40
WDOV26;11/08/2026;12:30:00;5214,00;5230,00;5213,00;5225,50;17962610,00;344
WDOV26;11/08/2026;12:15:00;5208,50;5213,00;5208,00;5213,00;4429380,00;85
WDOV26;11/08/2026;12:00:00;5198,50;5208,00;5197,50;5208,00;5254145,00;101
WDOV26;11/08/2026;11:45:00;5193,50;5204,00;5193,00;5201,00;5096190,00;98
WDOV26;11/08/2026;11:30:00;5184,00;5196,00;5183,00;5196,00;9234830,00;178
WDOV26;11/08/2026;11:15:00;5177,00;5187,00;5177,00;5186,50;6787030,00;131
WDOV26;11/08/2026;11:00:00;5170,50;5178,00;5170,00;5176,00;6106275,00;118
WDOV26;11/08/2026;10:45:00;5168,00;5172,00;5168,00;5170,50;1602890,00;31
WDOV26;11/08/2026;10:30:00;5167,00;5170,00;5163,00;5169,50;10544100,00;204
WDOV26;11/08/2026;10:15:00;5163,50;5166,50;5162,50;5166,50;1342820,00;26
WDOV26;11/08/2026;10:00:00;5162,00;5162,50;5159,00;5162,50;1444870,00;28
WDOV26;11/08/2026;09:45:00;5165,00;5165,00;5158,50;5162,50;10785085,00;209
WDOV26;11/08/2026;09:30:00;5165,00;5167,50;5162,50;5167,50;4546040,00;88
WDOV26;11/08/2026;09:15:00;5167,50;5169,50;5164,00;5168,00;1860095,00;36
WDOV26;11/08/2026;09:00:00;5171,00;5171,00;5161,00;5167,50;3151005,00;61
WDOV26;10/08/2026;18:15:00;5171,00;5171,00;5166,00;5166,00;2222280,00;43
WDOV26;10/08/2026;18:00:00;5171,00;5171,00;5171,00;5171,00;155130,00;3
WDOV26;10/08/2026;17:45:00;5169,50;5173,50;5169,00;5171,50;930725,00;18
WDOV26;10/08/2026;17:30:00;5170,00;5170,00;5169,00;5169,00;206780,00;4
WDOV26;10/08/2026;17:15:00;5168,50;5169,00;5167,50;5169,00;723535,00;14
WDOV26;10/08/2026;17:00:00;5170,50;5170,50;5169,00;5170,00;5583620,00;108
WDOV26;10/08/2026;16:45:00;5173,00;5173,00;5172,00;5172,00;517270,00;10
WDOV26;10/08/2026;16:30:00;5171,50;5171,50;5171,50;5171,50;51715,00;1
WDOV26;10/08/2026;16:15:00;5173,00;5173,00;5171,50;5171,50;672320,00;13
WDOV26;10/08/2026;16:00:00;5174,00;5174,00;5174,00;5174,00;206960,00;4
WDOV26;10/08/2026;15:45:00;5173,50;5173,50;5172,50;5172,50;1189895,00;23
WDOV26;10/08/2026;15:30:00;5176,00;5176,00;5172,50;5172,50;1552530,00;30
WDOV26;10/08/2026;15:15:00;5176,50;5176,50;5176,50;5176,50;51765,00;1
WDOV26;10/08/2026;15:00:00;5178,50;5178,50;5176,00;5177,50;931830,00;18
WDOV26;10/08/2026;14:45:00;5180,00;5181,00;5178,00;5179,00;17870250,00;345
WDOV26;10/08/2026;14:30:00;5176,50;5179,50;5175,00;5179,50;2899475,00;56
WDOV26;10/08/2026;14:15:00;5169,50;5178,50;5169,50;5177,50;16086390,00;311
WDOV26;10/08/2026;14:00:00;5164,50;5169,00;5164,00;5168,50;1446735,00;28
WDOV26;10/08/2026;13:45:00;5165,50;5165,50;5163,50;5164,00;1549505,00;30
WDOV26;10/08/2026;13:30:00;5161,00;5166,00;5161,00;5165,00;3925010,00;76
WDOV26;10/08/2026;13:00:00;5161,00;5161,00;5159,50;5159,50;361185,00;7
WDOV26;10/08/2026;12:45:00;5161,00;5163,00;5161,00;5163,00;619405,00;12
WDOV26;10/08/2026;12:30:00;5163,50;5164,00;5163,00;5163,00;2529955,00;49
WDOV26;10/08/2026;12:15:00;5163,00;5164,50;5162,50;5163,50;3614065,00;70
WDOV26;10/08/2026;12:00:00;5161,00;5164,00;5159,50;5163,00;6864935,00;133
WDOV26;10/08/2026;11:45:00;5161,50;5162,00;5159,00;5161,50;4283330,00;83
WDOV26;10/08/2026;11:30:00;5159,50;5161,50;5158,00;5161,50;928985,00;18
WDOV26;10/08/2026;11:15:00;5157,50;5162,00;5157,50;5159,50;2064100,00;40
WDOV26;10/08/2026;11:00:00;5158,00;5159,00;5156,00;5157,50;3558405,00;69
WDOV26;10/08/2026;10:45:00;5158,00;5161,00;5156,50;5158,00;10008995,00;194
WDOV26;10/08/2026;10:30:00;5152,00;5157,00;5151,50;5157,00;4277340,00;83
WDOV26;10/08/2026;10:15:00;5152,00;5154,00;5150,50;5151,50;3812660,00;74
WDOV26;10/08/2026;10:00:00;5150,50;5151,00;5148,50;5150,50;2265870,00;44
WDOV26;10/08/2026;09:45:00;5154,50;5154,50;5151,50;5151,50;927640,00;18
WDOV26;10/08/2026;09:30:00;5149,50;5156,00;5149,00;5154,50;1648885,00;32
WDOV26;10/08/2026;09:15:00;5151,00;5152,00;5150,50;5152,00;3142360,00;61
WDOV26;10/08/2026;09:00:00;5147,50;5150,50;5144,00;5150,50;9215260,00;179
WDOV26;07/08/2026;18:15:00;5145,50;5145,50;5142,00;5144,00;6789065,00;132
WDOV26;07/08/2026;18:00:00;5145,00;5145,50;5145,00;5145,50;2263960,00;44
WDOV26;07/08/2026;17:45:00;5144,50;5145,50;5143,00;5145,00;1903325,00;37
WDOV26;07/08/2026;17:30:00;5146,00;5146,00;5144,50;5144,50;617500,00;12
WDOV26;07/08/2026;17:00:00;5146,00;5147,00;5145,50;5147,00;2161205,00;42
WDOV26;07/08/2026;16:45:00;5147,50;5147,50;5147,00;5147,00;154415,00;3
WDOV26;07/08/2026;16:30:00;5147,00;5148,50;5147,00;5148,50;154430,00;3
WDOV26;07/08/2026;16:15:00;5145,50;5148,50;5145,50;5148,50;463255,00;9
WDOV26;07/08/2026;16:00:00;5147,50;5149,50;5147,00;5149,00;1132695,00;22
WDOV26;07/08/2026;15:45:00;5146,00;5149,00;5146,00;5149,00;257420,00;5
WDOV26;07/08/2026;15:30:00;5146,00;5146,00;5145,50;5146,00;205835,00;4
WDOV26;07/08/2026;15:15:00;5143,00;5148,00;5143,00;5147,50;669060,00;13
WDOV26;07/08/2026;15:00:00;5145,00;5145,00;5144,00;5145,00;154340,00;3
WDOV26;07/08/2026;14:30:00;5145,50;5145,50;5141,50;5145,50;668645,00;13
WDOV26;07/08/2026;14:15:00;5147,00;5147,00;5143,50;5145,50;1595040,00;31
WDOV26;07/08/2026;14:00:00;5147,00;5148,00;5145,00;5146,00;1337900,00;26
WDOV26;07/08/2026;13:45:00;5150,00;5151,00;5150,00;5151,00;1081510,00;21
WDOV26;07/08/2026;13:30:00;5148,00;5150,00;5148,00;5150,00;308945,00;6
WDOV26;07/08/2026;13:15:00;5145,50;5150,00;5144,00;5148,00;5146050,00;100
WDOV26;07/08/2026;13:00:00;5151,50;5151,50;5144,50;5145,50;5922170,00;115
WDOV26;07/08/2026;12:45:00;5150,00;5154,00;5150,00;5154,00;978545,00;19
WDOV26;07/08/2026;12:30:00;5153,00;5155,00;5153,00;5155,00;103080,00;2
WDOV26;07/08/2026;12:15:00;5154,00;5154,00;5151,50;5151,50;103055,00;2
WDOV26;07/08/2026;12:00:00;5155,00;5155,50;5152,00;5152,00;309250,00;6
WDOV26;07/08/2026;11:45:00;5154,00;5154,00;5153,00;5153,00;618470,00;12
WDOV26;07/08/2026;11:30:00;5158,50;5158,50;5155,00;5155,00;154690,00;3
WDOV26;07/08/2026;11:15:00;5157,00;5157,00;5153,50;5153,50;773300,00;15
WDOV26;07/08/2026;11:00:00;5156,50;5157,00;5156,50;5157,00;154700,00;3
WDOV26;07/08/2026;10:45:00;5156,00;5161,00;5154,00;5159,50;11350605,00;220
WDOV26;07/08/2026;10:30:00;5154,00;5159,00;5153,00;5153,50;1907520,00;37
WDOV26;07/08/2026;10:15:00;5150,00;5154,50;5150,00;5152,00;1700155,00;33
WDOV26;07/08/2026;10:00:00;5145,50;5154,50;5144,50;5151,00;7622680,00;148
WDOV26;07/08/2026;09:45:00;5143,00;5148,50;5139,50;5147,00;1080250,00;21
WDOV26;07/08/2026;09:30:00;5162,00;5168,00;5138,00;5141,50;31605205,00;614
WDOV26;07/08/2026;09:15:00;5164,00;5165,00;5163,50;5164,00;1239470,00;24
WDOV26;07/08/2026;09:00:00;5161,50;5165,00;5160,00;5164,00;5317005,00;103
WDOV26;06/08/2026;18:15:00;5176,50;5178,50;5173,50;5174,50;4398895,00;85
WDOV26;06/08/2026;18:00:00;5175,00;5178,00;5175,00;5178,00;724765,00;14
WDOV26;06/08/2026;17:45:00;5175,00;5175,50;5174,50;5175,50;517500,00;10
WDOV26;06/08/2026;17:30:00;5174,50;5175,00;5174,00;5174,00;465730,00;9
WDOV26;06/08/2026;17:15:00;5173,50;5175,00;5173,50;5175,00;310470,00;6
WDOV26;06/08/2026;17:00:00;5170,00;5173,00;5170,00;5172,00;1809635,00;35
WDOV26;06/08/2026;16:45:00;5171,50;5171,50;5170,00;5170,00;413650,00;8
WDOV26;06/08/2026;16:30:00;5169,50;5170,50;5169,00;5170,50;155090,00;3
WDOV26;06/08/2026;16:15:00;5167,00;5171,00;5167,00;5170,00;361820,00;7
WDOV26;06/08/2026;16:00:00;5165,50;5166,00;5165,00;5166,00;309935,00;6
WDOV26;06/08/2026;15:45:00;5167,00;5167,00;5164,50;5164,50;361605,00;7
WDOV26;06/08/2026;15:30:00;5168,50;5168,50;5167,50;5167,50;568480,00;11
WDOV26;06/08/2026;15:15:00;5168,00;5169,50;5168,00;5169,50;103375,00;2
WDOV26;06/08/2026;15:00:00;5168,00;5168,00;5167,00;5167,00;103350,00;2
WDOV26;06/08/2026;14:45:00;5167,00;5168,00;5167,00;5168,00;103350,00;2
WDOV26;06/08/2026;14:30:00;5165,00;5167,00;5165,00;5167,00;154970,00;3
WDOV26;06/08/2026;14:15:00;5167,50;5168,50;5166,00;5166,00;258365,00;5
WDOV26;06/08/2026;14:00:00;5168,00;5168,50;5168,00;5168,50;155050,00;3
WDOV26;06/08/2026;13:45:00;5167,00;5168,50;5166,50;5168,50;413375,00;8
WDOV26;06/08/2026;13:30:00;5169,50;5169,50;5166,50;5168,00;516770,00;10
WDOV26;06/08/2026;13:15:00;5173,00;5173,00;5170,50;5170,50;2017045,00;39
WDOV26;06/08/2026;13:00:00;5170,00;5173,00;5170,00;5173,00;517085,00;10
WDOV26;06/08/2026;12:45:00;5168,50;5174,50;5168,50;5172,00;6928600,00;134
WDOV26;06/08/2026;12:30:00;5165,00;5169,50;5165,00;5168,50;1963805,00;38
WDOV26;06/08/2026;12:15:00;5162,00;5165,50;5162,00;5165,00;1859100,00;36
WDOV26;06/08/2026;12:00:00;5158,00;5159,50;5158,00;5158,50;1237960,00;24
WDOV26;06/08/2026;11:45:00;5159,00;5162,50;5158,50;5159,50;3561135,00;69
WDOV26;06/08/2026;11:30:00;5158,50;5160,50;5156,50;5156,50;3352410,00;65
WDOV26;06/08/2026;11:15:00;5162,50;5163,00;5159,00;5159,50;24567185,00;476
WDOV26;06/08/2026;11:00:00;5162,50;5164,00;5160,00;5162,50;1548585,00;30
WDOV26;06/08/2026;10:45:00;5166,00;5166,00;5161,50;5161,50;619610,00;12
WDOV26;06/08/2026;10:30:00;5168,50;5168,50;5161,50;5165,00;1342820,00;26
WDOV26;06/08/2026;10:15:00;5171,00;5171,00;5162,50;5168,00;8579260,00;166
WDOV26;06/08/2026;10:00:00;5172,50;5178,50;5172,50;5172,50;672640,00;13
WDOV26;06/08/2026;09:45:00;5177,00;5177,50;5175,50;5176,00;3157430,00;61
WDOV26;06/08/2026;09:30:00;5175,50;5181,50;5175,00;5175,00;1501435,00;29
WDOV26;06/08/2026;09:15:00;5189,00;5192,50;5174,50;5175,00;8754740,00;169
WDOV26;06/08/2026;09:00:00;5186,00;5193,00;5182,00;5189,50;6587940,00;127
WDOV26;05/08/2026;18:15:00;5189,00;5189,00;5185,00;5186,00;7467280,00;144
WDOV26;05/08/2026;18:00:00;5187,00;5187,50;5187,00;5187,50;933665,00;18
WDOV26;05/08/2026;17:45:00;5187,50;5191,50;5187,50;5188,00;1037870,00;20
WDOV26;05/08/2026;17:30:00;5188,50;5188,50;5186,50;5187,50;881885,00;17
WDOV26;05/08/2026;17:15:00;5191,50;5191,50;5188,00;5188,50;3995585,00;77
WDOV26;05/08/2026;17:00:00;5195,50;5195,50;5191,50;5192,00;1090545,00;21
WDOV26;05/08/2026;16:45:00;5195,50;5195,50;5193,50;5194,00;259710,00;5
WDOV26;05/08/2026;16:30:00;5197,50;5197,50;5195,50;5196,50;3793505,00;73
WDOV26;05/08/2026;16:15:00;5195,00;5198,50;5193,50;5198,50;1714420,00;33
WDOV26;05/08/2026;16:00:00;5193,00;5194,50;5191,50;5194,00;467385,00;9
WDOV26;05/08/2026;15:45:00;5190,50;5192,00;5189,00;5192,00;207610,00;4
WDOV26;05/08/2026;15:30:00;5190,00;5191,50;5190,00;5190,50;259520,00;5
WDOV26;05/08/2026;15:15:00;5191,00;5191,00;5188,00;5189,50;933955,00;18
WDOV26;05/08/2026;15:00:00;5191,00;5191,00;5191,00;5191,00;51910,00;1
WDOV26;05/08/2026;14:45:00;5190,50;5193,00;5190,50;5191,50;467315,00;9
WDOV26;05/08/2026;14:30:00;5195,00;5195,50;5190,00;5191,00;467315,00;9
WDOV26;05/08/2026;14:15:00;5193,00;5200,00;5193,00;5197,00;8573315,00;165
WDOV26;05/08/2026;14:00:00;5191,00;5193,00;5190,50;5191,50;1453835,00;28
WDOV26;05/08/2026;13:45:00;5189,00;5192,50;5189,00;5192,00;13859440,00;267
WDOV26;05/08/2026;13:30:00;5188,00;5189,50;5188,00;5188,00;882030,00;17
WDOV26;05/08/2026;13:15:00;5188,50;5188,50;5185,00;5187,00;466760,00;9
WDOV26;05/08/2026;13:00:00;5187,00;5190,00;5187,00;5189,00;5812580,00;112
WDOV26;05/08/2026;12:45:00;5183,00;5183,00;5182,50;5183,00;1192060,00;23
WDOV26;05/08/2026;12:30:00;5181,50;5182,50;5181,50;5182,50;103640,00;2
WDOV26;05/08/2026;12:15:00;5185,00;5188,00;5178,50;5180,50;13623955,00;263
WDOV26;05/08/2026;12:00:00;5184,00;5186,50;5183,50;5185,00;5444220,00;105
WDOV26;05/08/2026;11:45:00;5190,00;5192,00;5187,00;5188,00;518940,00;10
WDOV26;05/08/2026;11:30:00;5192,50;5194,00;5185,00;5188,00;4151855,00;80
WDOV26;05/08/2026;11:15:00;5170,00;5193,50;5170,00;5193,00;18722655,00;361
WDOV26;05/08/2026;11:00:00;5176,50;5176,50;5165,00;5170,00;15203550,00;294
WDOV26;05/08/2026;10:45:00;5182,00;5184,50;5175,50;5176,00;2383050,00;46
WDOV26;05/08/2026;10:30:00;5178,00;5180,50;5176,50;5179,50;3158680,00;61
WDOV26;05/08/2026;10:15:00;5183,50;5184,50;5177,00;5177,00;12794750,00;247
WDOV26;05/08/2026;10:00:00;5186,50;5187,50;5183,00;5187,50;3319470,00;64
WDOV26;05/08/2026;09:45:00;5185,00;5188,00;5184,50;5186,50;674185,00;13
WDOV26;05/08/2026;09:30:00;5190,00;5190,00;5183,50;5185,00;5968020,00;115
WDOV26;05/08/2026;09:15:00;5182,00;5185,50;5181,50;5185,50;1140105,00;22
WDOV26;05/08/2026;09:00:00;5185,00;5185,00;5174,00;5182,00;18078015,00;349
WDOV26;04/08/2026;18:15:00;5196,50;5198,00;5192,00;5193,50;3480925,00;67
WDOV26;04/08/2026;18:00:00;5198,50;5199,50;5196,00;5196,00;1039670,00;20
WDOV26;04/08/2026;17:45:00;5194,50;5197,50;5194,00;5194,50;11842775,00;228
WDOV26;04/08/2026;17:30:00;5192,00;5192,50;5192,00;5192,50;155770,00;3
WDOV26;04/08/2026;17:15:00;5197,00;5198,50;5190,50;5191,50;3738310,00;72
WDOV26;04/08/2026;17:00:00;5199,00;5199,00;5194,00;5194,00;1715240,00;33
WDOV26;04/08/2026;16:45:00;5202,50;5204,50;5199,00;5199,00;2391845,00;46
WDOV26;04/08/2026;16:30:00;5202,50;5204,50;5202,50;5204,00;364265,00;7
WDOV26;04/08/2026;16:15:00;5202,00;5203,00;5201,00;5201,00;5617985,00;108
WDOV26;04/08/2026;16:00:00;5205,50;5205,50;5201,50;5202,00;2029205,00;39
WDOV26;04/08/2026;15:45:00;5212,50;5215,00;5203,50;5204,00;17807135,00;342
WDOV26;04/08/2026;15:30:00;5204,00;5213,00;5201,50;5213,00;5782075,00;111
WDOV26;04/08/2026;15:15:00;5197,00;5211,00;5196,50;5205,00;15088625,00;290
WDOV26;04/08/2026;15:00:00;5187,00;5198,50;5187,00;5198,00;15161710,00;292
WDOV26;04/08/2026;14:45:00;5182,00;5186,00;5182,00;5185,50;6636285,00;128
WDOV26;04/08/2026;14:30:00;5180,50;5181,00;5179,50;5181,00;1398620,00;27
WDOV26;04/08/2026;14:15:00;5178,50;5180,00;5178,50;5180,00;1087755,00;21
WDOV26;04/08/2026;14:00:00;5178,00;5178,50;5177,50;5178,00;1087385,00;21
WDOV26;04/08/2026;13:45:00;5179,00;5180,00;5177,50;5177,50;1398485,00;27
WDOV26;04/08/2026;13:30:00;5182,50;5185,50;5179,00;5179,00;1347890,00;26
WDOV26;04/08/2026;13:15:00;5182,50;5183,50;5182,00;5182,00;310950,00;6
WDOV26;04/08/2026;13:00:00;5179,00;5181,50;5177,50;5180,00;2175465,00;42
WDOV26;04/08/2026;12:45:00;5178,50;5179,50;5178,00;5178,00;724950,00;14
WDOV26;04/08/2026;12:30:00;5179,00;5182,50;5177,50;5177,50;1035990,00;20
WDOV26;04/08/2026;12:15:00;5176,50;5181,00;5175,00;5178,00;9478740,00;183
WDOV26;04/08/2026;12:00:00;5172,50;5174,50;5171,00;5174,50;1448270,00;28
WDOV26;04/08/2026;11:45:00;5173,00;5176,00;5171,50;5171,50;1293575,00;25
WDOV26;04/08/2026;11:30:00;5173,50;5176,00;5170,00;5173,50;3517635,00;68
WDOV26;04/08/2026;11:15:00;5172,00;5177,50;5169,50;5170,50;3206860,00;62
WDOV26;04/08/2026;11:00:00;5172,50;5174,00;5170,00;5172,50;5068660,00;98
WDOV26;04/08/2026;10:45:00;5166,50;5174,50;5166,00;5172,00;14475735,00;280
WDOV26;04/08/2026;10:30:00;5163,00;5166,50;5162,00;5164,50;877730,00;17
WDOV26;04/08/2026;10:15:00;5162,50;5166,00;5162,00;5163,50;2065450,00;40
WDOV26;04/08/2026;10:00:00;5161,00;5168,00;5159,00;5162,50;12343310,00;239
WDOV26;04/08/2026;09:45:00;5154,50;5160,00;5154,50;5159,50;2011580,00;39
WDOV26;04/08/2026;09:30:00;5157,50;5157,50;5154,50;5157,00;1443710,00;28
WDOV26;04/08/2026;09:15:00;5152,00;5161,50;5151,50;5157,50;2113895,00;41
WDOV26;04/08/2026;09:00:00;5146,00;5151,50;5140,00;5149,50;8025510,00;156
WDOV26;03/08/2026;18:15:00;5157,50;5157,50;5157,00;5157,00;4125605,00;80
WDOV26;03/08/2026;17:45:00;5153,00;5154,50;5153,00;5154,50;618460,00;12
WDOV26;03/08/2026;17:30:00;5150,50;5150,50;5150,00;5150,00;3244505,00;63
WDOV26;03/08/2026;17:15:00;5152,00;5152,00;5150,00;5150,00;360560,00;7
WDOV26;03/08/2026;17:00:00;5153,50;5153,50;5153,50;5153,50;257675,00;5
WDOV26;03/08/2026;16:45:00;5153,50;5153,50;5153,50;5153,50;206140,00;4
WDOV26;03/08/2026;16:30:00;5154,50;5154,50;5153,50;5153,50;103080,00;2
WDOV26;03/08/2026;16:15:00;5156,00;5156,00;5155,00;5155,00;103110,00;2
WDOV26;03/08/2026;16:00:00;5155,50;5156,00;5153,50;5156,00;566985,00;11
WDOV26;03/08/2026;15:45:00;5156,00;5156,00;5156,00;5156,00;103120,00;2
WDOV26;03/08/2026;15:30:00;5156,50;5156,50;5156,50;5156,50;51565,00;1
WDOV26;03/08/2026;15:15:00;5156,00;5157,50;5156,00;5157,50;257830,00;5
WDOV26;03/08/2026;15:00:00;5159,50;5159,50;5155,50;5156,00;825100,00;16
WDOV26;03/08/2026;14:45:00;5157,00;5160,00;5157,00;5159,50;6501380,00;126
WDOV26;03/08/2026;14:30:00;5153,50;5156,50;5153,50;5156,50;618665,00;12
WDOV26;03/08/2026;14:15:00;5154,50;5158,50;5153,50;5153,50;2165410,00;42
WDOV26;03/08/2026;14:00:00;5153,00;5157,00;5153,00;5153,50;2164980,00;42
WDOV26;03/08/2026;13:45:00;5151,00;5152,00;5151,00;5152,00;103030,00;2
WDOV26;03/08/2026;13:30:00;5150,50;5151,00;5150,50;5151,00;103015,00;2
WDOV26;03/08/2026;13:15:00;5149,50;5153,50;5149,50;5152,50;2369385,00;46
WDOV26;03/08/2026;13:00:00;5147,00;5150,00;5147,00;5150,00;205970,00;4
WDOV26;03/08/2026;12:45:00;5147,00;5148,00;5145,00;5145,00;2522105,00;49
WDOV26;03/08/2026;12:30:00;5153,00;5153,00;5146,00;5146,00;1854155,00;36
WDOV26;03/08/2026;12:15:00;5150,00;5153,00;5150,00;5152,00;2060455,00;40
WDOV26;03/08/2026;12:00:00;5148,00;5149,00;5148,00;5148,50;308905,00;6
WDOV26;03/08/2026;11:45:00;5150,00;5153,00;5146,50;5147,00;3501435,00;68
WDOV26;03/08/2026;11:30:00;5147,50;5153,50;5147,00;5151,00;7622195,00;148
WDOV26;03/08/2026;11:15:00;5144,50;5150,00;5143,50;5145,50;7050180,00;137
WDOV26;03/08/2026;11:00:00;5138,00;5143,00;5136,50;5142,50;8634640,00;168
WDOV26;03/08/2026;10:45:00;5135,50;5136,00;5135,50;5136,00;924450,00;18
WDOV26;03/08/2026;10:30:00;5131,50;5139,50;5131,50;5135,50;2516630,00;49
WDOV26;03/08/2026;10:15:00;5130,50;5134,00;5130,50;5132,50;1539600,00;30
WDOV26;03/08/2026;10:00:00;5124,50;5132,00;5124,50;5131,50;5027165,00;98
WDOV26;03/08/2026;09:45:00;5133,00;5133,00;5124,50;5124,50;461400,00;9
WDOV26;03/08/2026;09:30:00;5137,00;5137,00;5128,00;5133,00;5797745,00;113
WDOV26;03/08/2026;09:15:00;5138,00;5140,50;5135,50;5136,00;667940,00;13
WDOV26;03/08/2026;09:00:00;5141,50;5141,50;5130,00;5137,00;5237200,00;102
WDOV26;31/07/2026;18:15:00;5146,50;5151,00;5146,50;5151,00;5407455,00;105
WDOV26;31/07/2026;18:00:00;5146,00;5148,00;5146,00;5148,00;102940,00;2
WDOV26;31/07/2026;17:45:00;5140,00;5144,00;5140,00;5142,50;668430,00;13
WDOV26;31/07/2026;17:30:00;5140,00;5144,00;5140,00;5140,00;1388370,00;27
WDOV26;31/07/2026;17:15:00;5140,00;5140,00;5140,00;5140,00;154200,00;3
WDOV26;31/07/2026;17:00:00;5140,00;5143,00;5140,00;5140,50;154235,00;3
WDOV26;31/07/2026;16:45:00;5141,00;5141,00;5138,50;5138,50;4831595,00;94
WDOV26;31/07/2026;16:30:00;5144,00;5145,00;5142,00;5143,00;720100,00;14
WDOV26;31/07/2026;16:15:00;5144,00;5147,00;5143,00;5143,00;463055,00;9
WDOV26;31/07/2026;16:00:00;5142,00;5146,50;5141,50;5143,00;565800,00;11
WDOV26;31/07/2026;15:45:00;5144,50;5145,00;5143,00;5143,00;977355,00;19
WDOV26;31/07/2026;15:30:00;5146,00;5146,00;5144,00;5145,00;205800,00;4
WDOV26;31/07/2026;15:15:00;5144,00;5144,00;5144,00;5144,00;154320,00;3
WDOV26;31/07/2026;15:00:00;5142,50;5146,50;5141,50;5144,00;1389305,00;27
WDOV26;31/07/2026;14:45:00;5146,00;5149,50;5140,00;5143,00;3702550,00;72
WDOV26;31/07/2026;14:30:00;5145,50;5145,50;5142,00;5142,00;8432955,00;164
WDOV26;31/07/2026;14:15:00;5145,00;5145,50;5144,50;5144,50;617385,00;12
WDOV26;31/07/2026;14:00:00;5150,50;5150,50;5143,50;5145,00;617410,00;12
WDOV26;31/07/2026;13:45:00;5147,00;5150,00;5145,50;5150,00;5922190,00;115
WDOV26;31/07/2026;13:30:00;5143,00;5146,00;5143,00;5145,00;565870,00;11
WDOV26;31/07/2026;13:15:00;5140,00;5142,00;5138,00;5142,00;4934395,00;96
WDOV26;31/07/2026;13:00:00;5144,00;5146,00;5140,00;5140,00;1594160,00;31
WDOV26;31/07/2026;12:45:00;5142,00;5146,00;5141,00;5144,50;771540,00;15
WDOV26;31/07/2026;12:30:00;5140,00;5160,00;5140,00;5142,00;6385335,00;124
WDOV26;30/07/2026;18:15:00;5134,50;5134,50;5134,50;5134,50;51345,00;1
WDOV26;30/07/2026;18:00:00;5135,00;5135,00;5135,00;5135,00;154050,00;3
WDOV26;30/07/2026;17:45:00;5134,00;5134,00;5134,00;5134,00;51340,00;1
WDOV26;30/07/2026;17:30:00;5135,00;5135,00;5135,00;5135,00;51350,00;1
WDOV26;30/07/2026;17:15:00;5135,00;5135,00;5135,00;5135,00;102700,00;2
WDOV26;30/07/2026;16:45:00;5143,00;5143,00;5136,00;5136,00;359680,00;7
WDOV26;30/07/2026;16:30:00;5141,00;5141,00;5141,00;5141,00;51410,00;1
WDOV26;30/07/2026;16:15:00;5140,50;5140,50;5140,50;5140,50;51405,00;1
WDOV26;30/07/2026;16:00:00;5143,00;5143,00;5143,00;5143,00;51430,00;1
WDOV26;30/07/2026;15:15:00;5145,50;5145,50;5145,50;5145,50;51455,00;1
WDOV26;30/07/2026;14:30:00;5143,50;5143,50;5143,50;5143,50;360045,00;7
WDOV26;30/07/2026;13:30:00;5136,50;5141,00;5136,50;5141,00;7297340,00;142
WDOV26;30/07/2026;13:15:00;5139,00;5139,00;5139,00;5139,00;359730,00;7
WDOV26;30/07/2026;12:45:00;5141,00;5141,00;5141,00;5141,00;51410,00;1
WDOV26;30/07/2026;12:15:00;5139,00;5139,00;5139,00;5139,00;51390,00;1
WDOV26;30/07/2026;12:00:00;5141,00;5141,50;5141,00;5141,50;1542425,00;30
WDOV26;30/07/2026;11:30:00;5145,50;5145,50;5145,50;5145,50;51455,00;1
WDOV26;30/07/2026;11:15:00;5142,00;5145,50;5142,00;5143,00;617175,00;12
WDOV26;30/07/2026;11:00:00;5144,50;5145,00;5143,50;5143,50;1234735,00;24
WDOV26;30/07/2026;10:45:00;5145,00;5145,00;5139,00;5139,00;2519770,00;49
WDOV26;30/07/2026;10:30:00;5156,50;5156,50;5149,50;5149,50;206155,00;4
WDOV26;30/07/2026;10:15:00;5163,00;5163,00;5159,00;5159,00;5314815,00;103
WDOV26;30/07/2026;09:45:00;5164,50;5171,00;5164,50;5171,00;568735,00;11
WDOV26;30/07/2026;09:30:00;5165,00;5167,50;5165,00;5167,50;206665,00;4
WDOV26;30/07/2026;09:15:00;5173,00;5177,50;5165,50;5165,50;362150,00;7
WDOV26;30/07/2026;09:00:00;5173,50;5173,50;5173,50;5173,50;51735,00;1
WDOV26;29/07/2026;18:15:00;5192,00;5193,00;5192,00;5193,00;103850,00;2
WDOV26;29/07/2026;18:00:00;5188,50;5188,50;5188,50;5188,50;103770,00;2
WDOV26;29/07/2026;17:15:00;5188,50;5188,50;5188,50;5188,50;51885,00;1
WDOV26;29/07/2026;17:00:00;5189,00;5189,50;5189,00;5189,50;103785,00;2
WDOV26;29/07/2026;16:30:00;5180,00;5180,00;5180,00;5180,00;51800,00;1
WDOV26;29/07/2026;16:15:00;5164,00;5173,00;5164,00;5173,00;413420,00;8
WDOV26;29/07/2026;16:00:00;5169,00;5169,00;5166,00;5166,00;1136950,00;22
WDOV26;29/07/2026;15:45:00;5174,50;5174,50;5170,00;5170,00;1551190,00;30
WDOV26;29/07/2026;15:30:00;5185,00;5185,00;5182,00;5182,00;466595,00;9
WDOV26;29/07/2026;15:15:00;5193,00;5196,00;5193,00;5196,00;415495,00;8
WDOV26;29/07/2026;15:00:00;5195,00;5195,00;5185,00;5189,00;2699750,00;52
WDOV26;29/07/2026;12:15:00;5204,00;5204,00;5204,00;5204,00;312240,00;6
WDOV26;29/07/2026;12:00:00;5207,00;5207,00;5207,00;5207,00;52070,00;1
WDOV26;29/07/2026;11:30:00;5200,00;5203,00;5200,00;5203,00;468030,00;9
WDOV26;29/07/2026;11:15:00;5195,00;5198,00;5195,00;5198,00;103930,00;2
WDOV26;29/07/2026;11:00:00;5182,00;5185,50;5182,00;5185,50;466485,00;9
WDOV26;29/07/2026;10:45:00;5187,00;5187,00;5187,00;5187,00;51870,00;1
WDOV26;29/07/2026;10:30:00;5190,00;5190,00;5190,00;5190,00;415200,00;8
WDOV26;29/07/2026;10:15:00;5187,50;5187,50;5187,50;5187,50;1296875,00;25
WDOV26;29/07/2026;10:00:00;5189,50;5189,50;5185,00;5187,50;518810,00;10
WDOV26;29/07/2026;09:45:00;5191,00;5191,00;5189,50;5189,50;259515,00;5
WDOV26;29/07/2026;09:30:00;5198,00;5198,00;5193,00;5193,00;103910,00;2
WDOV26;29/07/2026;09:15:00;5198,00;5200,00;5192,00;5192,00;259850,00;5
WDOV26;29/07/2026;09:00:00;5195,50;5195,50;5192,00;5192,00;103875,00;2
WDOV26;28/07/2026;18:15:00;5196,00;5200,00;5196,00;5200,00;363940,00;7
WDOV26;28/07/2026;17:45:00;5195,00;5195,00;5195,00;5195,00;311700,00;6
WDOV26;28/07/2026;16:00:00;5193,00;5193,00;5192,00;5192,00;726950,00;14
WDOV26;28/07/2026;15:45:00;5193,00;5193,00;5193,00;5193,00;51930,00;1
WDOV26;28/07/2026;15:15:00;5190,00;5190,00;5190,00;5190,00;51900,00;1
WDOV26;28/07/2026;14:00:00;5185,00;5185,00;5185,00;5185,00;103700,00;2
WDOV26;28/07/2026;12:45:00;5184,00;5184,00;5184,00;5184,00;51840,00;1
WDOV26;28/07/2026;12:30:00;5186,00;5186,00;5186,00;5186,00;51860,00;1
WDOV26;28/07/2026;11:15:00;5200,00;5200,00;5200,00;5200,00;52000,00;1
WDOV26;28/07/2026;11:00:00;5195,50;5197,50;5195,50;5197,50;1143410,00;22
WDOV26;28/07/2026;10:45:00;5200,00;5200,00;5200,00;5200,00;104000,00;2
WDOV26;28/07/2026;10:00:00;5188,00;5188,00;5188,00;5188,00;51880,00;1
WDOV26;28/07/2026;09:45:00;5191,00;5191,00;5191,00;5191,00;51910,00;1
WDOV26;28/07/2026;09:30:00;5197,50;5197,50;5197,50;5197,50;51975,00;1
WDOV26;28/07/2026;09:15:00;5195,50;5197,50;5195,50;5197,50;311830,00;6
WDOV26;28/07/2026;09:00:00;5195,00;5195,00;5193,00;5195,00;363550,00;7
WDOV26;27/07/2026;18:15:00;5191,00;5191,00;5191,00;5191,00;51910,00;1
WDOV26;27/07/2026;18:00:00;5190,50;5190,50;5190,50;5190,50;51905,00;1
WDOV26;27/07/2026;17:45:00;5190,50;5190,50;5190,50;5190,50;51905,00;1
WDOV26;27/07/2026;17:30:00;5190,00;5190,00;5190,00;5190,00;103800,00;2
WDOV26;27/07/2026;17:00:00;5188,00;5188,00;5188,00;5188,00;51880,00;1
WDOV26;27/07/2026;16:30:00;5185,00;5185,00;5185,00;5185,00;1037000,00;20
WDOV26;27/07/2026;16:15:00;5185,00;5185,00;5185,00;5185,00;518500,00;10
WDOV26;27/07/2026;16:00:00;5185,00;5185,00;5185,00;5185,00;103700,00;2
WDOV26;27/07/2026;15:30:00;5185,00;5186,00;5185,00;5186,00;155560,00;3
WDOV26;27/07/2026;14:30:00;5182,00;5182,00;5182,00;5182,00;51820,00;1
WDOV26;27/07/2026;14:15:00;5182,00;5182,00;5182,00;5182,00;51820,00;1
WDOV26;27/07/2026;13:30:00;5175,00;5175,00;5175,00;5175,00;103500,00;2
WDOV26;27/07/2026;13:00:00;5178,00;5178,00;5178,00;5178,00;103560,00;2
WDOV26;27/07/2026;11:30:00;5185,00;5185,00;5185,00;5185,00;51850,00;1
WDOV26;27/07/2026;11:15:00;5177,50;5180,00;5177,50;5180,00;5387170,00;104
WDOV26;27/07/2026;10:45:00;5174,00;5174,00;5174,00;5174,00;103480,00;2
WDOV26;27/07/2026;10:30:00;5170,00;5171,50;5170,00;5171,50;103415,00;2
WDOV26;27/07/2026;10:15:00;5170,00;5170,00;5170,00;5170,00;51700,00;1
WDOV26;27/07/2026;10:00:00;5162,00;5170,00;5162,00;5166,00;206645,00;4
WDOV26;27/07/2026;09:30:00;5159,50;5159,50;5159,50;5159,50;51595,00;1
WDOV26;27/07/2026;09:15:00;5156,50;5156,50;5156,50;5156,50;515650,00;10
WDOV26;24/07/2026;18:15:00;5168,50;5168,50;5165,50;5165,50;103340,00;2
WDOV26;24/07/2026;18:00:00;5162,50;5163,00;5162,50;5163,00;1084225,00;21
WDOV26;24/07/2026;17:45:00;5159,50;5160,00;5159,50;5160,00;103195,00;2
WDOV26;24/07/2026;17:30:00;5160,00;5160,00;5160,00;5160,00;1032000,00;20
WDOV26;24/07/2026;17:00:00;5159,50;5160,00;5159,50;5160,00;5469570,00;106
WDOV26;24/07/2026;16:45:00;5156,00;5159,00;5156,00;5159,00;360950,00;7
WDOV26;24/07/2026;16:30:00;5156,00;5156,00;5156,00;5156,00;51560,00;1
WDOV26;24/07/2026;16:15:00;5154,00;5155,00;5154,00;5155,00;154630,00;3
WDOV26;24/07/2026;16:00:00;5153,50;5153,50;5153,00;5153,00;103065,00;2
WDOV26;24/07/2026;15:30:00;5150,00;5150,00;5150,00;5150,00;154500,00;3
WDOV26;24/07/2026;15:15:00;5149,00;5149,00;5149,00;5149,00;51490,00;1
WDOV26;24/07/2026;14:45:00;5150,00;5150,00;5150,00;5150,00;4892500,00;95
WDOV26;24/07/2026;14:00:00;5150,00;5150,00;5150,00;5150,00;103000,00;2
WDOV26;24/07/2026;13:30:00;5147,50;5147,50;5147,50;5147,50;51475,00;1
WDOV26;24/07/2026;12:15:00;5130,00;5130,00;5130,00;5130,00;256500,00;5
WDOV26;24/07/2026;12:00:00;5140,00;5142,00;5133,00;5133,00;6732655,00;131
WDOV26;24/07/2026;11:45:00;5140,00;5140,00;5140,00;5140,00;411200,00;8
WDOV26;24/07/2026;11:30:00;5147,50;5147,50;5147,50;5147,50;617700,00;12
WDOV26;24/07/2026;11:15:00;5147,50;5147,50;5147,50;5147,50;51475,00;1
WDOV26;24/07/2026;11:00:00;5150,00;5150,00;5150,00;5150,00;103000,00;2
WDOV26;24/07/2026;09:45:00;5156,00;5156,00;5156,00;5156,00;51560,00;1
WDOV26;24/07/2026;09:15:00;5154,00;5155,00;5154,00;5155,00;103090,00;2
WDOV26;23/07/2026;18:15:00;5161,50;5161,50;5161,50;5161,50;51615,00;1
WDOV26;23/07/2026;17:45:00;5161,50;5161,50;5161,50;5161,50;154845,00;3
WDOV26;23/07/2026;17:15:00;5163,00;5163,00;5163,00;5163,00;51630,00;1
WDOV26;23/07/2026;16:30:00;5163,00;5163,00;5163,00;5163,00;258150,00;5
WDOV26;23/07/2026;15:00:00;5171,50;5171,50;5171,50;5171,50;103430,00;2
WDOV26;23/07/2026;14:15:00;5166,50;5166,50;5166,50;5166,50;51665,00;1
WDOV26;23/07/2026;13:30:00;5167,50;5167,50;5167,50;5167,50;51675,00;1
WDOV26;23/07/2026;12:30:00;5170,00;5170,00;5163,00;5163,00;309850,00;6
WDOV26;23/07/2026;12:15:00;5162,00;5167,00;5162,00;5167,00;206600,00;4
WDOV26;23/07/2026;11:30:00;5155,50;5156,00;5155,50;5156,00;567110,00;11
WDOV26;23/07/2026;11:15:00;5156,00;5161,00;5156,00;5157,00;412675,00;8
WDOV26;23/07/2026;10:45:00;5166,00;5166,00;5166,00;5166,00;258300,00;5
WDOV26;23/07/2026;10:15:00;5167,50;5167,50;5166,00;5166,00;310015,00;6
WDOV26;23/07/2026;10:00:00;5159,00;5170,00;5159,00;5170,00;5263290,00;102
WDOV26;23/07/2026;09:45:00;5166,00;5166,00;5166,00;5166,00;51660,00;1
WDOV26;23/07/2026;09:15:00;5158,00;5158,00;5158,00;5158,00;103160,00;2
WDOV26;23/07/2026;09:00:00;5154,50;5155,00;5148,00;5150,50;1390905,00;27
WDOV26;22/07/2026;18:15:00;5137,50;5138,50;5135,50;5136,00;1078800,00;21
WDOV26;22/07/2026;17:45:00;5138,50;5138,50;5138,50;5138,50;51385,00;1
WDOV26;22/07/2026;17:30:00;5134,50;5138,50;5134,50;5138,50;1027500,00;20
WDOV26;22/07/2026;16:45:00;5140,00;5140,00;5134,00;5134,00;154080,00;3
WDOV26;22/07/2026;14:30:00;5142,00;5142,00;5141,00;5141,00;102830,00;2
WDOV26;22/07/2026;12:30:00;5141,50;5141,50;5141,50;5141,50;51415,00;1
WDOV26;22/07/2026;12:15:00;5143,00;5143,00;5143,00;5143,00;51430,00;1
WDOV26;22/07/2026;11:00:00;5137,00;5137,00;5135,00;5135,00;154070,00;3
WDOV26;22/07/2026;10:45:00;5141,50;5141,50;5141,50;5141,50;514150,00;10
WDOV26;22/07/2026;10:30:00;5145,00;5145,00;5142,50;5142,50;308595,00;6
WDOV26;22/07/2026;10:15:00;5150,00;5150,00;5149,50;5149,50;1132995,00;22
WDOV26;22/07/2026;09:30:00;5158,00;5158,00;5158,00;5158,00;51580,00;1
WDOV26;22/07/2026;09:15:00;5155,50;5157,00;5155,50;5157,00;515625,00;10
WDOV26;21/07/2026;18:00:00;5154,50;5154,50;5154,50;5154,50;1855620,00;36
WDOV26;21/07/2026;17:30:00;5154,00;5154,00;5154,00;5154,00;51540,00;1
WDOV26;21/07/2026;16:15:00;5152,50;5152,50;5152,50;5152,50;772875,00;15
WDOV26;21/07/2026;14:45:00;5155,00;5155,00;5155,00;5155,00;51550,00;1
WDOV26;21/07/2026;14:00:00;5159,00;5159,00;5153,50;5153,50;1288485,00;25
WDOV26;21/07/2026;13:45:00;5158,00;5158,00;5158,00;5158,00;51580,00;1
WDOV26;21/07/2026;11:45:00;5165,00;5165,00;5165,00;5165,00;51650,00;1
WDOV26;21/07/2026;11:15:00;5164,00;5164,00;5160,00;5160,00;103240,00;2
WDOV26;21/07/2026;10:30:00;5164,00;5164,00;5164,00;5164,00;51640,00;1
WDOV26;21/07/2026;09:45:00;5155,00;5155,50;5155,00;5155,50;1598200,00;31
WDOV26;21/07/2026;09:30:00;5156,00;5156,00;5156,00;5156,00;51560,00;1
WDOV26;21/07/2026;09:00:00;5165,00;5165,00;5158,50;5158,50;154885,00;3
WDOV26;20/07/2026;18:15:00;5179,50;5179,50;5179,50;5179,50;51795,00;1
WDOV26;20/07/2026;16:30:00;5175,00;5175,00;5174,00;5175,00;310470,00;6
WDOV26;20/07/2026;16:15:00;5175,00;5176,00;5175,00;5175,00;155260,00;3
WDOV26;20/07/2026;15:45:00;5180,00;5180,00;5175,00;5175,00;103550,00;2
WDOV26;20/07/2026;15:30:00;5178,00;5178,00;5178,00;5178,00;51780,00;1
WDOV26;20/07/2026;13:30:00;5173,50;5173,50;5173,50;5173,50;206940,00;4
WDOV26;20/07/2026;13:15:00;5169,00;5169,00;5169,00;5169,00;51690,00;1
WDOV26;20/07/2026;12:45:00;5167,00;5170,50;5167,00;5170,50;103375,00;2
WDOV26;20/07/2026;12:15:00;5174,00;5174,00;5174,00;5174,00;51740,00;1
WDOV26;20/07/2026;10:45:00;5174,00;5174,00;5174,00;5174,00;51740,00;1
WDOV26;20/07/2026;10:00:00;5179,00;5179,00;5179,00;5179,00;51790,00;1
WDOV26;20/07/2026;09:45:00;5180,00;5180,00;5180,00;5180,00;1087800,00;21
WDOV26;20/07/2026;09:00:00;5193,50;5193,50;5192,50;5192,50;259665,00;5
WDOV26;17/07/2026;18:15:00;5199,00;5199,00;5199,00;5199,00;51990,00;1
WDOV26;17/07/2026;17:00:00;5192,50;5192,50;5192,50;5192,50;51925,00;1
WDOV26;17/07/2026;16:30:00;5196,00;5196,00;5196,00;5196,00;259800,00;5
WDOV26;17/07/2026;15:30:00;5196,00;5196,00;5196,00;5196,00;51960,00;1
WDOV26;17/07/2026;12:45:00;5196,00;5196,00;5196,00;5196,00;103920,00;2
WDOV26;17/07/2026;11:45:00;5195,50;5195,50;5195,50;5195,50;103910,00;2
WDOV26;17/07/2026;11:30:00;5200,00;5200,00;5200,00;5200,00;104000,00;2
WDOV26;17/07/2026;11:15:00;5207,00;5207,00;5201,50;5201,50;468520,00;9
WDOV26;17/07/2026;11:00:00;5210,00;5210,00;5210,00;5210,00;52100,00;1
WDOV26;17/07/2026;10:30:00;5219,50;5220,00;5216,00;5216,00;365195,00;7
WDOV26;17/07/2026;10:15:00;5212,50;5218,50;5212,50;5218,50;156435,00;3
WDOV26;17/07/2026;10:00:00;5210,00;5212,50;5210,00;5212,50;1146700,00;22
WDOV26;17/07/2026;09:45:00;5207,00;5207,00;5207,00;5207,00;52070,00;1
WDOV26;17/07/2026;09:30:00;5207,00;5207,00;5207,00;5207,00;104140,00;2
WDOV26;16/07/2026;17:30:00;5187,00;5187,00;5187,00;5187,00;51870,00;1
WDOV26;16/07/2026;16:45:00;5187,00;5187,00;5187,00;5187,00;259350,00;5
WDOV26;16/07/2026;14:00:00;5197,00;5200,50;5197,00;5200,50;259955,00;5
WDOV26;16/07/2026;12:15:00;5186,50;5186,50;5186,50;5186,50;103730,00;2
WDOV26;16/07/2026;11:45:00;5191,50;5191,50;5191,50;5191,50;51915,00;1
WDOV26;16/07/2026;11:30:00;5189,50;5191,50;5189,50;5191,50;519050,00;10
WDOV26;16/07/2026;11:00:00;5186,00;5186,00;5186,00;5186,00;311160,00;6
WDOV26;16/07/2026;10:45:00;5187,50;5187,50;5187,50;5187,50;259375,00;5
WDOV26;16/07/2026;10:30:00;5190,00;5190,00;5188,00;5188,50;1453085,00;28
WDOV26;16/07/2026;09:30:00;5180,00;5180,00;5179,50;5179,50;207185,00;4
WDOV26;16/07/2026;09:15:00;5180,00;5180,00;5180,00;5180,00;51800,00;1
WDOV26;16/07/2026;09:00:00;5180,00;5180,00;5180,00;5180,00;1036000,00;20
WDOV26;15/07/2026;17:00:00;5166,50;5166,50;5163,50;5163,50;1136120,00;22
WDOV26;15/07/2026;16:15:00;5167,00;5167,50;5167,00;5167,50;413390,00;8
WDOV26;15/07/2026;16:00:00;5167,00;5167,00;5167,00;5167,00;310020,00;6
WDOV26;15/07/2026;14:30:00;5168,00;5168,00;5168,00;5168,00;258400,00;5
WDOV26;15/07/2026;13:45:00;5174,00;5176,00;5174,00;5176,00;258740,00;5
WDOV26;15/07/2026;12:30:00;5174,00;5174,00;5174,00;5174,00;51740,00;1
WDOV26;15/07/2026;12:15:00;5171,50;5171,50;5171,50;5171,50;465435,00;9
WDOV26;15/07/2026;12:00:00;5170,00;5170,00;5170,00;5170,00;258500,00;5
WDOV26;15/07/2026;11:45:00;5166,50;5166,50;5166,50;5166,50;51665,00;1
WDOV26;15/07/2026;11:30:00;5168,50;5168,50;5167,50;5167,50;103360,00;2
WDOV26;15/07/2026;11:15:00;5170,00;5171,50;5170,00;5171,50;103415,00;2
WDOV26;15/07/2026;11:00:00;5164,00;5164,00;5164,00;5164,00;51640,00;1
WDOV26;15/07/2026;10:00:00;5150,00;5150,00;5150,00;5150,00;1030000,00;20
WDOV26;15/07/2026;09:45:00;5158,00;5158,00;5158,00;5158,00;51580,00;1
WDOV26;15/07/2026;09:30:00;5168,00;5168,00;5158,00;5158,00;619175,00;12
WDOV26;15/07/2026;09:15:00;5169,00;5170,00;5169,00;5169,00;258460,00;5
WDOV26;15/07/2026;09:00:00;5170,00;5174,00;5170,00;5174,00;310240,00;6
WDOV26;14/07/2026;18:15:00;5165,00;5167,00;5165,00;5167,00;154980,00;3
WDOV26;14/07/2026;18:00:00;5166,00;5166,00;5161,50;5162,50;722805,00;14
WDOV26;14/07/2026;17:45:00;5168,00;5168,00;5168,00;5168,00;51680,00;1
WDOV26;14/07/2026;14:00:00;5163,00;5163,00;5163,00;5163,00;1032600,00;20
WDOV26;14/07/2026;13:30:00;5172,50;5172,50;5172,50;5172,50;51725,00;1
WDOV26;14/07/2026;12:00:00;5162,00;5162,00;5162,00;5162,00;51620,00;1
WDOV26;14/07/2026;11:45:00;5163,50;5163,50;5163,50;5163,50;51635,00;1
WDOV26;14/07/2026;11:30:00;5163,50;5163,50;5163,50;5163,50;51635,00;1
WDOV26;14/07/2026;10:30:00;5167,50;5169,00;5167,50;5169,00;310125,00;6
WDOV26;14/07/2026;10:15:00;5170,00;5170,50;5164,00;5170,50;155045,00;3
WDOV26;14/07/2026;10:00:00;5175,00;5176,50;5172,50;5176,50;1138490,00;22
WDOV26;14/07/2026;09:30:00;5191,50;5191,50;5163,50;5172,50;932200,00;18
WDOV26;14/07/2026;09:15:00;5210,00;5210,00;5200,00;5200,00;156200,00;3
WDOV26;14/07/2026;09:00:00;5219,50;5219,50;5217,50;5217,50;260895,00;5
WDOV26;13/07/2026;17:45:00;5233,00;5233,00;5233,00;5233,00;104660,00;2
WDOV26;13/07/2026;17:30:00;5230,00;5230,00;5230,00;5230,00;52300,00;1
WDOV26;13/07/2026;15:15:00;5227,00;5230,00;5227,00;5230,00;313770,00;6
WDOV26;13/07/2026;14:00:00;5227,00;5227,00;5227,00;5227,00;993130,00;19
WDOV26;13/07/2026;13:30:00;5230,00;5230,00;5230,00;5230,00;52300,00;1
WDOV26;13/07/2026;11:45:00;5219,00;5226,50;5219,00;5226,50;261110,00;5
WDOV26;13/07/2026;11:15:00;5219,00;5225,00;5219,00;5219,50;4648850,00;89
WDOV26;13/07/2026;10:15:00;5217,00;5219,00;5217,00;5219,00;156550,00;3
WDOV26;13/07/2026;09:30:00;5213,00;5213,00;5213,00;5213,00;52130,00;1
WDOV26;13/07/2026;09:15:00;5216,00;5216,00;5216,00;5216,00;104320,00;2
WDOV26;13/07/2026;09:00:00;5210,50;5214,00;5210,50;5214,00;104245,00;2
WDOV26;10/07/2026;18:00:00;5204,50;5204,50;5204,50;5204,50;1040900,00;20
WDOV26;10/07/2026;17:15:00;5202,50;5202,50;5202,50;5202,50;520250,00;10
WDOV26;10/07/2026;16:00:00;5207,00;5207,00;5207,00;5207,00;52070,00;1
WDOV26;10/07/2026;15:15:00;5204,50;5205,00;5204,50;5205,00;104095,00;2
WDOV26;10/07/2026;14:45:00;5203,00;5203,00;5203,00;5203,00;52030,00;1
WDOV26;10/07/2026;14:15:00;5201,50;5201,50;5201,50;5201,50;52015,00;1
WDOV26;10/07/2026;14:00:00;5202,50;5204,50;5202,50;5204,50;1613375,00;31
WDOV26;10/07/2026;13:45:00;5201,00;5201,00;5201,00;5201,00;260050,00;5
WDOV26;10/07/2026;13:15:00;5198,00;5198,00;5197,00;5197,00;1299450,00;25
WDOV26;10/07/2026;12:45:00;5200,00;5204,50;5200,00;5204,50;572450,00;11
WDOV26;10/07/2026;12:30:00;5200,50;5202,50;5200,50;5202,50;104030,00;2
WDOV26;10/07/2026;12:15:00;5200,00;5200,00;5200,00;5200,00;52000,00;1
WDOV26;10/07/2026;11:30:00;5223,00;5223,00;5223,00;5223,00;52230,00;1
WDOV26;10/07/2026;11:00:00;5213,00;5213,00;5213,00;5213,00;521300,00;10
WDOV26;10/07/2026;09:45:00;5210,00;5210,00;5210,00;5210,00;52100,00;1
WDOV26;10/07/2026;09:15:00;5212,50;5212,50;5212,50;5212,50;52125,00;1
WDOV26;10/07/2026;09:00:00;5212,50;5212,50;5211,00;5211,00;573360,00;11
WDOV26;09/07/2026;18:15:00;5210,00;5210,00;5210,00;5210,00;52100,00;1
WDOV26;09/07/2026;18:00:00;5210,00;5210,00;5210,00;5210,00;52100,00;1
WDOV26;09/07/2026;17:30:00;5222,00;5222,00;5222,00;5222,00;52220,00;1
WDOV26;09/07/2026;17:15:00;5220,50;5220,50;5220,50;5220,50;52205,00;1
WDOV26;09/07/2026;17:00:00;5220,00;5220,00;5220,00;5220,00;1305000,00;25
WDOV26;09/07/2026;15:15:00;5222,00;5222,00;5222,00;5222,00;522200,00;10
WDOV26;09/07/2026;14:30:00;5212,50;5212,50;5212,50;5212,50;1042500,00;20
WDOV26;09/07/2026;12:45:00;5224,00;5224,00;5224,00;5224,00;52240,00;1
WDOV26;09/07/2026;12:00:00;5220,00;5220,00;5220,00;5220,00;104400,00;2
WDOV26;09/07/2026;11:45:00;5225,00;5225,00;5225,00;5225,00;313500,00;6
WDOV26;09/07/2026;11:30:00;5230,00;5230,00;5230,00;5230,00;52300,00;1
WDOV26;09/07/2026;11:15:00;5234,50;5234,50;5230,00;5230,00;836845,00;16
WDOV26;09/07/2026;11:00:00;5240,00;5240,00;5234,50;5234,50;157130,00;3
WDOV26;09/07/2026;09:15:00;5238,50;5238,50;5238,50;5238,50;785775,00;15
WDOV26;08/07/2026;18:00:00;5251,00;5251,00;5251,00;5251,00;52510,00;1
WDOV26;08/07/2026;17:30:00;5251,00;5251,00;5251,00;5251,00;52510,00;1
WDOV26;08/07/2026;17:15:00;5249,00;5250,00;5249,00;5250,00;104990,00;2
WDOV26;08/07/2026;17:00:00;5249,50;5249,50;5249,50;5249,50;787425,00;15
WDOV26;08/07/2026;15:00:00;5250,00;5250,00;5245,00;5245,00;104950,00;2
WDOV26;08/07/2026;14:15:00;5250,00;5250,00;5250,00;5250,00;3937500,00;75
WDOV26;08/07/2026;12:30:00;5260,00;5260,00;5260,00;5260,00;3945000,00;75
WDOV26;08/07/2026;12:00:00;5255,50;5255,50;5255,50;5255,50;52555,00;1
WDOV26;08/07/2026;11:00:00;5251,00;5251,00;5251,00;5251,00;105020,00;2
WDOV26;08/07/2026;10:15:00;5245,00;5245,00;5245,00;5245,00;104900,00;2
WDOV26;08/07/2026;10:00:00;5250,00;5250,00;5244,50;5245,00;314795,00;6
WDOV26;08/07/2026;09:45:00;5245,00;5247,00;5245,00;5247,00;157390,00;3
WDOV26;08/07/2026;09:30:00;5254,50;5254,50;5250,00;5251,00;1208015,00;23
WDOV26;08/07/2026;09:15:00;5256,00;5256,00;5253,00;5253,50;262715,00;5
WDOV26;08/07/2026;09:00:00;5275,50;5275,50;5260,50;5260,50;527235,00;10
WDOV26;07/07/2026;18:15:00;5270,00;5271,00;5270,00;5271,00;210820,00;4
WDOV26;07/07/2026;17:45:00;5261,00;5261,00;5261,00;5261,00;52610,00;1
WDOV26;07/07/2026;16:45:00;5255,00;5255,00;5254,00;5254,00;788130,00;15
WDOV26;07/07/2026;16:30:00;5260,00;5260,00;5255,00;5255,00;105150,00;2
WDOV26;07/07/2026;16:15:00;5265,00;5265,00;5259,50;5261,00;263060,00;5
WDOV26;07/07/2026;16:00:00;5260,50;5260,50;5260,50;5260,50;157815,00;3
WDOV26;07/07/2026;15:45:00;5255,00;5257,00;5255,00;5257,00;157690,00;3
WDOV26;07/07/2026;15:30:00;5247,00;5247,00;5247,00;5247,00;262350,00;5
WDOV26;07/07/2026;12:45:00;5255,00;5255,00;5255,00;5255,00;52550,00;1
WDOV26;07/07/2026;12:30:00;5249,00;5249,50;5248,50;5248,50;1574575,00;30
WDOV26;07/07/2026;12:15:00;5249,00;5249,50;5248,00;5249,50;3149425,00;60
WDOV26;07/07/2026;11:45:00;5248,00;5248,00;5248,00;5248,00;104960,00;2
WDOV26;07/07/2026;11:30:00;5249,50;5249,50;5249,50;5249,50;104990,00;2
WDOV26;07/07/2026;11:00:00;5250,00;5250,00;5250,00;5250,00;105000,00;2
WDOV26;07/07/2026;10:45:00;5247,50;5247,50;5246,50;5247,00;1049440,00;20
WDOV26;07/07/2026;09:15:00;5235,50;5235,50;5235,50;5235,50;104710,00;2
WDOV26;06/07/2026;18:15:00;5229,00;5229,00;5229,00;5229,00;52290,00;1
WDOV26;06/07/2026;16:00:00;5234,50;5234,50;5234,50;5234,50;52345,00;1
WDOV26;06/07/2026;15:45:00;5235,00;5235,00;5235,00;5235,00;52350,00;1
WDOV26;06/07/2026;15:30:00;5238,50;5238,50;5238,50;5238,50;104770,00;2
WDOV26;06/07/2026;15:00:00;5237,00;5237,00;5237,00;5237,00;52370,00;1
WDOV26;06/07/2026;14:30:00;5239,50;5239,50;5239,50;5239,50;52395,00;1
WDOV26;06/07/2026;14:15:00;5242,50;5242,50;5242,50;5242,50;1572750,00;30
WDOV26;06/07/2026;14:00:00;5253,50;5253,50;5250,50;5250,50;105040,00;2
WDOV26;06/07/2026;13:45:00;5254,00;5254,00;5254,00;5254,00;157620,00;3
WDOV26;06/07/2026;12:45:00;5255,00;5255,00;5253,50;5253,50;157620,00;3
WDOV26;06/07/2026;12:30:00;5265,00;5266,50;5261,50;5261,50;1210945,00;23
WDOV26;06/07/2026;12:15:00;5271,00;5271,00;5269,50;5269,50;158115,00;3
WDOV26;06/07/2026;11:00:00;5269,00;5269,00;5269,00;5269,00;1475320,00;28
WDOV26;06/07/2026;10:45:00;5271,50;5276,00;5271,50;5276,00;1423395,00;27
WDOV26;06/07/2026;10:30:00;5277,50;5277,50;5277,50;5277,50;263875,00;5
WDOV26;06/07/2026;10:00:00;5277,50;5277,50;5277,50;5277,50;52775,00;1
WDOV26;06/07/2026;09:45:00;5282,00;5282,00;5282,00;5282,00;52820,00;1
WDOV26;06/07/2026;09:15:00;5278,50;5278,50;5278,50;5278,50;52785,00;1
WDOV26;06/07/2026;09:00:00;5280,00;5287,00;5280,00;5287,00;1478610,00;28
WDOV26;03/07/2026;18:15:00;5279,00;5279,00;5279,00;5279,00;52790,00;1
WDOV26;03/07/2026;18:00:00;5278,00;5278,00;5278,00;5278,00;52780,00;1
WDOV26;03/07/2026;17:30:00;5275,50;5275,50;5275,50;5275,50;52755,00;1
WDOV26;03/07/2026;16:00:00;5276,50;5276,50;5276,50;5276,50;52765,00;1
WDOV26;03/07/2026;15:45:00;5274,50;5274,50;5274,50;5274,50;52745,00;1
WDOV26;03/07/2026;15:30:00;5274,00;5276,00;5274,00;5276,00;158250,00;3
WDOV26;03/07/2026;14:00:00;5277,00;5277,00;5277,00;5277,00;52770,00;1
WDOV26;03/07/2026;12:00:00;5276,00;5276,00;5276,00;5276,00;1055200,00;20
WDOV26;03/07/2026;11:45:00;5283,00;5283,00;5280,00;5280,00;316950,00;6
WDOV26;03/07/2026;10:00:00;5280,00;5282,50;5280,00;5282,50;1108825,00;21
WDOV26;03/07/2026;09:30:00;5286,50;5290,50;5284,50;5289,00;1585655,00;30
WDOV26;03/07/2026;09:15:00;5295,00;5298,50;5295,00;5298,50;105935,00;2
WDOV26;03/07/2026;09:00:00;5303,00;5303,00;5300,00;5300,00;15953030,00;301
WDOV26;02/07/2026;18:00:00;5309,00;5309,00;5309,00;5309,00;53090,00;1
WDOV26;02/07/2026;16:15:00;5320,00;5320,00;5320,00;5320,00;53200,00;1
WDOV26;02/07/2026;16:00:00;5312,50;5312,50;5312,50;5312,50;53125,00;1
WDOV26;02/07/2026;15:45:00;5312,00;5315,00;5312,00;5315,00;318870,00;6
WDOV26;02/07/2026;15:00:00;5324,00;5324,00;5324,00;5324,00;53240,00;1
WDOV26;02/07/2026;13:30:00;5323,50;5323,50;5323,50;5323,50;53235,00;1
WDOV26;02/07/2026;13:15:00;5323,50;5323,50;5323,50;5323,50;53235,00;1
WDOV26;02/07/2026;13:00:00;5314,00;5315,50;5311,50;5311,50;690955,00;13
WDOV26;02/07/2026;12:15:00;5305,00;5305,00;5305,00;5305,00;265250,00;5
WDOV26;02/07/2026;11:45:00;5305,50;5305,50;5305,50;5305,50;795825,00;15
WDOV26;02/07/2026;11:15:00;5304,50;5304,50;5304,50;5304,50;53045,00;1
WDOV26;02/07/2026;10:30:00;5295,50;5295,50;5290,50;5290,50;582455,00;11
WDOV26;02/07/2026;10:15:00;5305,00;5305,00;5305,00;5305,00;1114050,00;21
WDOV26;02/07/2026;10:00:00;5298,50;5298,50;5293,00;5293,00;423550,00;8
WDOV26;02/07/2026;09:45:00;5273,50;5277,00;5273,50;5277,00;105505,00;2
WDOV26;02/07/2026;09:30:00;5294,50;5294,50;5270,00;5273,50;263995,00;5
WDOV26;02/07/2026;09:15:00;5319,50;5319,50;5319,50;5319,50;53195,00;1
WDOV26;02/07/2026;09:00:00;5310,00;5310,00;5310,00;5310,00;53100,00;1
WDOV26;01/07/2026;18:15:00;5319,00;5319,00;5319,00;5319,00;159570,00;3
WDOV26;01/07/2026;16:45:00;5320,00;5320,00;5320,00;5320,00;106400,00;2
WDOV26;01/07/2026;16:30:00;5319,50;5320,00;5319,50;5320,00;159595,00;3
WDOV26;01/07/2026;15:45:00;5316,50;5316,50;5316,50;5316,50;53165,00;1
WDOV26;01/07/2026;15:30:00;5315,50;5315,50;5315,50;5315,50;53155,00;1
WDOV26;01/07/2026;15:15:00;5310,00;5310,00;5310,00;5310,00;53100,00;1
WDOV26;01/07/2026;14:00:00;5307,00;5307,00;5307,00;5307,00;53070,00;1
WDOV26;01/07/2026;12:00:00;5311,50;5320,00;5311,50;5320,00;1117115,00;21
WDOV26;01/07/2026;11:45:00;5310,00;5312,50;5310,00;5311,50;265540,00;5
WDOV26;01/07/2026;11:30:00;5302,50;5302,50;5302,50;5302,50;53025,00;1
WDOV26;01/07/2026;09:15:00;5293,00;5293,00;5293,00;5293,00;52930,00;1
WDOV26;01/07/2026;09:00:00;5289,00;5298,00;5289,00;5298,00;211700,00;4
WDOV26;30/06/2026;17:45:00;5278,00;5278,00;5278,00;5278,00;52780,00;1
WDOV26;30/06/2026;16:30:00;5281,50;5281,50;5279,00;5279,00;105605,00;2
WDOV26;30/06/2026;14:45:00;5282,50;5282,50;5282,50;5282,50;52825,00;1
WDOV26;30/06/2026;14:30:00;5280,50;5280,50;5280,50;5280,50;52805,00;1
WDOV26;30/06/2026;09:15:00;5307,00;5307,00;5307,00;5307,00;53070,00;1
WDOV26;29/06/2026;17:45:00;5285,00;5288,00;5285,00;5288,00;211450,00;4
WDOV26;29/06/2026;17:30:00;5283,00;5284,00;5283,00;5284,00;105670,00;2
WDOV26;29/06/2026;09:00:00;5293,50;5293,50;5293,50;5293,50;52935,00;1
WDOV26;26/06/2026;11:15:00;5280,50;5280,50;5280,50;5280,50;105610,00;2
WDOV26;25/06/2026;10:45:00;5303,00;5316,00;5303,00;5316,00;159285,00;3
WDOV26;22/06/2026;18:15:00;5268,00;5269,50;5265,00;5265,00;368775,00;7
WDOV26;22/06/2026;15:45:00;5266,00;5266,00;5264,00;5264,00;157950,00;3
WDOV26;22/06/2026;15:30:00;5268,00;5268,00;5267,00;5267,00;105350,00;2
WDOV26;22/06/2026;14:15:00;5261,00;5261,00;5261,00;5261,00;52610,00;1
WDOV26;22/06/2026;12:15:00;5251,50;5251,50;5250,50;5250,50;105020,00;2
WDOV26;22/06/2026;12:00:00;5257,50;5257,50;5252,50;5252,50;157635,00;3
WDOV26;22/06/2026;11:30:00;5258,50;5265,00;5258,50;5265,00;105235,00;2
WDOV26;22/06/2026;11:15:00;5263,50;5263,50;5259,50;5259,50;263075,00;5
WDOV26;22/06/2026;11:00:00;5274,00;5274,00;5264,50;5264,50;263380,00;5
WDOV26;22/06/2026;10:45:00;5271,50;5271,50;5268,50;5268,50;210800,00;4
WDOV26;22/06/2026;10:30:00;5270,00;5276,50;5265,00;5272,50;263540,00;5
WDOV26;22/06/2026;10:15:00;5266,00;5266,00;5266,00;5266,00;52660,00;1
WDOV26;22/06/2026;09:45:00;5275,50;5275,50;5275,50;5275,50;52755,00;1
WDOV26;22/06/2026;09:15:00;5277,50;5277,50;5277,50;5277,50;52775,00;1
WDOV26;22/06/2026;09:00:00;5280,50;5280,50;5277,50;5277,50;211160,00;4
WDOV26;19/06/2026;18:15:00;5280,00;5282,50;5279,00;5282,00;528045,00;10
WDOV26;19/06/2026;18:00:00;5280,50;5280,50;5277,00;5278,00;211135,00;4
WDOV26;19/06/2026;17:45:00;5280,50;5280,50;5276,00;5278,00;527870,00;10
WDOV26;19/06/2026;17:30:00;5283,00;5283,00;5276,00;5278,00;1741960,00;33
WDOV26;19/06/2026;17:00:00;5288,00;5288,00;5284,00;5284,00;264300,00;5
WDOV26;19/06/2026;16:00:00;5275,50;5275,50;5275,50;5275,50;52755,00;1
WDOV26;19/06/2026;13:00:00;5279,50;5279,50;5273,50;5273,50;211070,00;4
WDOV26;19/06/2026;10:30:00;5280,50;5280,50;5280,50;5280,50;52805,00;1
WDOV26;19/06/2026;10:15:00;5284,00;5284,00;5283,00;5283,00;158500,00;3
WDOV26;19/06/2026;10:00:00;5286,00;5286,00;5285,00;5285,00;158560,00;3
WDOV26;19/06/2026;09:30:00;5317,00;5317,00;5287,00;5287,00;529550,00;10
WDOV26;02/06/2026;13:30:00;5172,50;5172,50;5172,50;5172,50;3879375,00;75
WDOV26;29/05/2026;18:15:00;5187,00;5187,00;5187,00;5187,00;51870,00;1
WDOV26;29/05/2026;09:45:00;5162,00;5162,00;5162,00;5162,00;51620,00;1
WDOV26;01/12/2025;13:00:00;5708,50;5708,50;5708,50;5708,50;1370040,00;24
WDOV26;01/12/2025;12:45:00;5708,00;5708,00;5708,00;5708,00;57080,00;1
WDOV26;03/10/2025;10:30:00;5809,00;5809,00;5809,00;5809,00;1452250,00;25
WDOV26;29/08/2025;12:15:00;5860,00;5860,00;5860,00;5860,00;1465000,00;25
