Ativo;Data;Abertura;Máximo;Mínimo;Fechamento;Volume;Quantidade
WINQ26;24/06/2026;174.500;174.685;172.210;173.145;401.310.482.222,00;11.578.347
WINQ26;23/06/2026;172.205;174.940;171.400;174.800;578.095.746.292,00;16.683.847
WINQ26;22/06/2026;171.590;173.890;170.210;173.490;556.281.252.734,00;16.102.015
WINQ26;19/06/2026;171.700;171.945;170.730;171.645;405.039.177.618,00;11.816.358
WINQ26;18/06/2026;171.800;172.890;170.230;172.015;579.642.285.704,00;16.886.879
WINQ26;17/06/2026;172.820;175.330;171.160;171.480;683.102.795.757,00;19.660.247
WINQ26;16/06/2026;174.200;174.455;172.500;172.825;17.005.846.267,00;490.994
WINQ26;15/06/2026;176.395;177.995;173.860;173.860;6.220.103.382,00;176.956
WINQ26;12/06/2026;175.530;176.260;173.360;174.600;2.365.875.926,00;67.615
WINQ26;11/06/2026;173.000;175.830;171.970;175.330;2.017.041.761,00;58.121
WINQ26;10/06/2026;172.545;173.350;171.840;172.200;577.484.079,00;16.748
WINQ26;09/06/2026;173.180;174.650;172.190;173.500;882.918.680,00;25.460
WINQ26;08/06/2026;173.685;173.745;172.070;172.800;653.764.588,00;18.922
WINQ26;05/06/2026;174.455;175.105;172.500;172.960;735.950.013,00;21.200
WINQ26;03/06/2026;178.405;178.600;174.105;174.200;1.586.949.245,00;45.204
WINQ26;02/06/2026;176.395;179.325;176.395;178.785;660.520.499,00;18.547
WINQ26;01/06/2026;178.555;179.800;176.145;176.350;557.825.655,00;15.761
WINQ26;29/05/2026;179.650;179.935;177.240;178.400;725.297.307,00;20.321
WINQ26;28/05/2026;179.865;181.510;179.055;179.210;657.684.741,00;18.235
WINQ26;27/05/2026;181.050;183.180;180.250;180.385;459.598.220,00;12.659
WINQ26;26/05/2026;182.765;182.785;180.340;181.245;361.666.238,00;9.975
WINQ26;25/05/2026;182.740;183.845;181.435;182.995;243.872.456,00;6.678
WINQ26;22/05/2026;182.260;182.455;179.920;181.355;257.256.018,00;7.098
WINQ26;21/05/2026;181.960;183.920;180.915;182.455;448.819.930,00;12.318
WINQ26;20/05/2026;180.175;183.500;179.925;182.170;367.692.685,00;10.107
WINQ26;19/05/2026;181.890;182.355;178.800;179.920;886.235.460,00;24.614
WINQ26;18/05/2026;182.660;183.200;181.225;183.025;266.307.760,00;7.309
WINQ26;15/05/2026;182.995;183.000;180.825;182.860;1.018.170.593,00;28.028
WINQ26;14/05/2026;182.400;185.110;182.200;184.390;455.433.288,00;12.366
WINQ26;13/05/2026;186.540;186.540;182.380;182.615;1.212.622.195,00;32.889
WINQ26;12/05/2026;187.895;187.895;185.820;186.575;542.748.479,00;14.541
WINQ26;11/05/2026;190.930;190.930;187.655;188.600;538.466.180,00;14.271
WINQ26;08/05/2026;189.780;191.970;189.535;190.795;379.585.533,00;9.946
WINQ26;07/05/2026;194.200;194.545;188.900;189.115;1.994.938.323,00;52.451
WINQ26;06/05/2026;195.275;196.420;193.465;193.910;1.411.889.054,00;36.327
WINQ26;05/05/2026;193.305;194.085;191.930;193.400;331.118.848,00;8.578
WINQ26;04/05/2026;193.220;194.670;192.070;192.470;375.729.816,00;9.716
WINQ26;30/04/2026;191.200;194.860;191.010;193.855;807.063.527,00;20.867
WINQ26;29/04/2026;195.530;195.540;190.745;190.800;1.062.779.968,00;27.514
WINQ26;28/04/2026;196.235;196.700;194.485;195.625;455.363.057,00;11.659
WINQ26;27/04/2026;198.460;199.170;196.610;196.630;196.647.646,00;4.970
WINQ26;24/04/2026;199.130;199.370;197.410;198.325;294.475.097,00;7.427
WINQ26;23/04/2026;200.210;200.965;198.400;198.595;531.550.710,00;13.308
WINQ26;22/04/2026;204.475;204.610;200.100;200.100;912.521.014,00;22.642
WINQ26;20/04/2026;203.445;204.715;203.155;204.350;163.621.797,00;4.010
WINQ26;17/04/2026;205.230;207.355;203.330;203.465;781.986.215,00;19.072
WINQ26;16/04/2026;205.635;206.880;204.460;204.745;598.433.288,00;14.573
WINQ26;15/04/2026;206.100;207.250;205.025;205.525;110.959.564,00;2.692
WINQ26;14/04/2026;206.175;207.535;206.135;206.800;31.648.589,00;765
WINQ26;13/04/2026;205.250;206.235;204.470;205.995;10.892.265,00;265
WINQ26;10/04/2026;203.710;206.000;203.540;205.995;9.880.250,00;241
WINQ26;09/04/2026;201.010;203.920;200.930;203.710;2.553.716,00;63
WINQ26;08/04/2026;200.000;203.000;200.000;200.405;8.941.971,00;223
WINQ26;07/04/2026;196.265;197.000;194.500;196.910;5.755.521,00;147
WINQ26;06/04/2026;197.500;197.500;196.400;196.400;3.740.419,00;95
WINQ26;02/04/2026;193.760;197.640;193.110;195.925;4.355.427,00;111
WINQ26;01/04/2026;196.925;197.650;196.120;196.580;905.657,00;23
WINQ26;31/03/2026;193.500;196.500;193.250;196.500;7.349.316,00;188
WINQ26;30/03/2026;190.700;193.000;190.700;191.240;421.447,00;11
WINQ26;27/03/2026;191.000;192.000;189.800;189.800;913.499,00;24
WINQ26;26/03/2026;192.000;193.440;191.665;192.500;1.270.885,00;33
WINQ26;25/03/2026;195.000;195.000;193.530;194.400;1.204.694,00;31
WINQ26;24/03/2026;192.000;193.300;189.000;193.300;2.110.917,00;55
WINQ26;23/03/2026;187.075;192.000;186.800;191.800;1.820.931,00;48
WINQ26;20/03/2026;187.945;187.945;184.100;186.800;5.092.818,00;137
WINQ26;19/03/2026;187.155;190.585;186.310;189.865;3.858.299,00;102
WINQ26;18/03/2026;189.800;190.830;188.230;188.230;2.045.773,00;54
WINQ26;17/03/2026;188.890;191.905;188.790;191.905;2.595.499,00;68
WINQ26;16/03/2026;189.720;190.785;189.670;189.920;989.474,00;26
WINQ26;13/03/2026;189.685;190.500;187.005;187.250;1.611.499,00;43
WINQ26;12/03/2026;193.000;193.000;189.685;189.685;1.072.822,00;28
WINQ26;11/03/2026;192.900;195.065;192.900;193.535;4.157.919,00;107
WINQ26;10/03/2026;193.950;194.960;193.250;193.500;2.530.846,00;65
WINQ26;09/03/2026;188.190;191.600;188.190;191.600;838.776,00;22
WINQ26;06/03/2026;190.455;190.500;188.535;189.500;6.671.194,00;176
WINQ26;05/03/2026;194.055;194.055;190.620;190.665;1.309.774,00;34
WINQ26;04/03/2026;194.450;196.000;193.900;193.900;1.090.966,00;28
WINQ26;03/03/2026;198.500;198.500;191.780;192.980;11.554.441,00;297
WINQ26;02/03/2026;199.000;200.925;197.395;200.000;1.790.128,00;45
WINQ26;27/02/2026;200.200;201.740;199.600;199.600;2.523.358,00;63
WINQ26;26/02/2026;201.800;202.000;200.600;202.000;846.799,00;21
WINQ26;25/02/2026;203.625;203.625;201.700;202.040;566.673,00;14
WINQ26;24/02/2026;201.000;203.000;200.750;203.000;565.547,00;14
WINQ26;23/02/2026;200.960;200.960;199.820;200.250;998.614.613,00;24.923
WINQ26;20/02/2026;199.500;202.000;199.225;201.595;1.240.332,00;31
WINQ26;19/02/2026;197.345;199.850;197.345;199.700;755.716,00;19
WINQ26;13/02/2026;197.540;197.545;197.540;197.545;370.626.688,00;9.381
