Ativo;Data;Hora;Abertura;Máximo;Mínimo;Fechamento;Volume;Quantidade
WINQ26;24/06/2026;12:00:00;172.950;173.455;172.765;173.145;55.678.912.633,00;1.607.941
WINQ26;24/06/2026;11:00:00;173.295;173.660;172.545;172.950;85.143.830.919,00;2.460.061
WINQ26;24/06/2026;10:00:00;172.985;174.400;172.210;173.300;160.648.707.870,00;4.630.043
WINQ26;24/06/2026;09:00:00;174.500;174.685;172.810;172.980;99.828.677.589,00;2.880.003
WINQ26;23/06/2026;18:00:00;174.685;174.940;174.635;174.800;6.440.856.115,00;184.212
WINQ26;23/06/2026;17:00:00;174.375;174.775;174.245;174.685;21.158.441.691,00;606.249
WINQ26;23/06/2026;16:00:00;174.170;174.775;174.145;174.375;41.877.855.158,00;1.200.177
WINQ26;23/06/2026;15:00:00;174.470;174.610;174.060;174.170;34.546.081.887,00;991.090
WINQ26;23/06/2026;14:00:00;174.400;174.640;174.205;174.470;34.508.909.867,00;989.111
WINQ26;23/06/2026;13:00:00;173.860;174.720;173.825;174.400;47.910.024.803,00;1.373.810
WINQ26;23/06/2026;12:00:00;173.920;174.275;173.475;173.860;54.070.438.405,00;1.554.909
WINQ26;23/06/2026;11:00:00;172.870;174.185;172.790;173.920;97.953.714.541,00;2.822.182
WINQ26;23/06/2026;10:00:00;171.690;173.100;171.400;172.865;150.087.934.173,00;4.356.625
WINQ26;23/06/2026;09:00:00;172.205;172.685;171.440;171.685;89.541.489.652,00;2.605.482
WINQ26;22/06/2026;18:00:00;173.665;173.680;173.455;173.490;4.223.709.486,00;121.659
WINQ26;22/06/2026;17:00:00;173.515;173.695;173.270;173.665;18.199.658.056,00;524.619
WINQ26;22/06/2026;16:00:00;173.565;173.890;173.455;173.510;36.314.179.581,00;1.045.443
WINQ26;22/06/2026;15:00:00;173.345;173.700;173.335;173.560;32.712.051.903,00;942.439
WINQ26;22/06/2026;14:00:00;173.615;173.770;173.170;173.345;36.750.412.119,00;1.059.377
WINQ26;22/06/2026;13:00:00;173.215;173.730;172.960;173.620;38.480.506.256,00;1.110.074
WINQ26;22/06/2026;12:00:00;173.705;173.845;173.200;173.215;48.558.967.047,00;1.399.457
WINQ26;22/06/2026;11:00:00;172.890;173.765;172.670;173.700;83.840.750.066,00;2.421.445
WINQ26;22/06/2026;10:00:00;171.385;173.480;171.305;172.885;154.129.444.330,00;4.465.166
WINQ26;22/06/2026;09:00:00;171.590;171.605;170.210;171.385;103.071.573.890,00;3.012.336
WINQ26;19/06/2026;18:00:00;171.360;171.925;171.350;171.645;3.623.216.868,00;105.587
WINQ26;19/06/2026;17:00:00;171.350;171.490;171.255;171.355;13.865.475.802,00;404.576
WINQ26;19/06/2026;16:00:00;171.660;171.705;171.250;171.350;27.450.604.894,00;800.492
WINQ26;19/06/2026;15:00:00;171.765;171.825;171.580;171.655;23.516.960.977,00;684.797
WINQ26;19/06/2026;14:00:00;171.030;171.920;171.000;171.765;32.749.557.084,00;954.941
WINQ26;19/06/2026;13:00:00;171.305;171.405;170.975;171.030;25.773.970.538,00;752.793
WINQ26;19/06/2026;12:00:00;171.530;171.735;171.215;171.300;32.226.130.569,00;939.682
WINQ26;19/06/2026;11:00:00;170.770;171.670;170.745;171.530;62.623.368.440,00;1.826.761
WINQ26;19/06/2026;10:00:00;171.450;171.945;170.730;170.765;100.514.175.142,00;2.931.891
WINQ26;19/06/2026;09:00:00;171.700;171.735;170.855;171.455;82.695.717.304,00;2.414.838
WINQ26;18/06/2026;18:00:00;171.755;172.015;171.715;172.015;4.137.642.078,00;120.388
WINQ26;18/06/2026;17:00:00;171.510;171.790;171.435;171.755;13.535.796.607,00;394.412
WINQ26;18/06/2026;16:00:00;171.545;171.695;171.285;171.510;34.015.138.570,00;991.706
WINQ26;18/06/2026;15:00:00;171.415;171.800;171.080;171.545;47.943.971.101,00;1.397.867
WINQ26;18/06/2026;14:00:00;171.425;171.615;171.200;171.410;39.555.762.474,00;1.153.847
WINQ26;18/06/2026;13:00:00;171.575;171.665;171.150;171.425;41.289.921.443,00;1.204.851
WINQ26;18/06/2026;12:00:00;172.005;172.220;171.490;171.575;62.700.169.722,00;1.824.381
WINQ26;18/06/2026;11:00:00;172.065;172.890;171.910;172.010;86.423.025.805,00;2.507.068
WINQ26;18/06/2026;10:00:00;171.320;172.470;171.065;172.070;144.928.100.768,00;4.220.149
WINQ26;18/06/2026;09:00:00;171.800;171.940;170.230;171.320;105.112.757.136,00;3.072.210
WINQ26;17/06/2026;18:00:00;171.405;171.545;171.325;171.480;3.326.081.993,00;97.009
WINQ26;17/06/2026;17:00:00;171.475;171.675;171.300;171.400;21.800.572.595,00;635.661
WINQ26;17/06/2026;16:00:00;173.400;173.535;171.160;171.480;94.166.769.271,00;2.735.844
WINQ26;17/06/2026;15:00:00;174.870;174.880;173.100;173.400;106.285.629.470,00;3.061.390
WINQ26;17/06/2026;14:00:00;174.935;175.330;174.410;174.865;60.959.421.270,00;1.743.277
WINQ26;17/06/2026;13:00:00;174.590;174.950;174.555;174.935;31.465.601.682,00;900.415
WINQ26;17/06/2026;12:00:00;174.550;174.715;174.150;174.585;43.602.574.559,00;1.249.589
WINQ26;17/06/2026;11:00:00;174.015;174.920;173.975;174.550;84.980.392.403,00;2.434.810
WINQ26;17/06/2026;10:00:00;173.800;175.070;173.570;174.015;139.824.456.733,00;4.012.529
WINQ26;17/06/2026;09:00:00;172.820;173.885;172.360;173.800;96.691.295.781,00;2.789.723
WINQ26;16/06/2026;18:00:00;172.715;172.865;172.610;172.825;156.953.982,00;4.543
WINQ26;16/06/2026;17:00:00;172.980;173.050;172.615;172.710;939.994.559,00;27.192
WINQ26;16/06/2026;16:00:00;172.985;173.180;172.790;172.980;1.159.038.307,00;33.496
WINQ26;16/06/2026;15:00:00;173.305;173.390;172.945;172.980;1.217.636.543,00;35.149
WINQ26;16/06/2026;14:00:00;173.390;173.585;173.205;173.300;1.038.402.248,00;29.942
WINQ26;16/06/2026;13:00:00;173.260;173.640;173.140;173.395;1.601.681.515,00;46.185
WINQ26;16/06/2026;12:00:00;173.025;173.340;172.725;173.255;1.499.611.986,00;43.336
WINQ26;16/06/2026;11:00:00;172.935;173.450;172.500;173.030;2.944.016.350,00;85.099
WINQ26;16/06/2026;10:00:00;172.985;173.465;172.510;172.935;3.384.276.288,00;97.846
WINQ26;16/06/2026;09:00:00;174.200;174.455;172.875;172.990;3.064.234.489,00;88.206
WINQ26;15/06/2026;18:00:00;174.070;174.070;173.860;173.860;100.261.758,00;2.882
WINQ26;15/06/2026;17:00:00;174.095;174.275;174.020;174.070;350.070.665,00;10.052
WINQ26;15/06/2026;16:00:00;174.200;174.225;173.915;174.095;597.191.099,00;17.150
WINQ26;15/06/2026;15:00:00;174.670;174.715;173.965;174.185;891.611.326,00;25.582
WINQ26;15/06/2026;14:00:00;175.280;175.280;174.615;174.670;410.669.402,00;11.739
WINQ26;15/06/2026;13:00:00;175.950;176.045;175.130;175.290;499.608.151,00;14.230
WINQ26;15/06/2026;12:00:00;176.095;176.385;175.895;175.930;375.041.992,00;10.646
WINQ26;15/06/2026;11:00:00;177.480;177.485;175.975;176.075;798.663.527,00;22.604
WINQ26;15/06/2026;10:00:00;177.215;177.995;176.615;177.465;1.374.044.037,00;38.734
WINQ26;15/06/2026;09:00:00;176.395;177.255;175.290;177.200;822.941.425,00;23.337
WINQ26;12/06/2026;18:00:00;174.805;174.860;174.600;174.600;15.518.452,00;444
WINQ26;12/06/2026;17:00:00;174.760;174.900;174.700;174.810;35.941.405,00;1.028
WINQ26;12/06/2026;16:00:00;174.720;175.015;174.555;174.760;227.217.047,00;6.500
WINQ26;12/06/2026;15:00:00;174.790;174.990;174.600;174.720;276.744.565,00;7.915
WINQ26;12/06/2026;14:00:00;174.855;175.055;174.705;174.780;211.927.926,00;6.059
WINQ26;12/06/2026;13:00:00;175.135;175.400;174.550;174.855;190.136.362,00;5.435
WINQ26;12/06/2026;12:00:00;175.635;175.960;175.105;175.145;212.792.346,00;6.062
WINQ26;12/06/2026;11:00:00;175.555;175.950;174.865;175.660;305.088.918,00;8.697
WINQ26;12/06/2026;10:00:00;173.805;176.260;173.360;175.540;531.226.995,00;15.160
WINQ26;12/06/2026;09:00:00;175.530;175.590;173.540;173.790;359.281.910,00;10.315
WINQ26;11/06/2026;18:00:00;175.190;175.415;175.130;175.330;54.444.468,00;1.553
WINQ26;11/06/2026;17:00:00;175.310;175.560;175.095;175.170;124.231.123,00;3.543
WINQ26;11/06/2026;16:00:00;174.045;175.830;174.045;175.310;323.232.853,00;9.232
WINQ26;11/06/2026;15:00:00;173.870;174.340;173.560;174.000;229.014.642,00;6.579
WINQ26;11/06/2026;14:00:00;172.260;174.160;171.970;173.850;273.341.264,00;7.884
WINQ26;11/06/2026;13:00:00;172.270;172.545;172.180;172.300;40.673.458,00;1.180
WINQ26;11/06/2026;12:00:00;172.350;172.650;172.240;172.265;42.420.978,00;1.230
WINQ26;11/06/2026;11:00:00;172.730;172.900;172.265;172.335;246.187.318,00;7.132
WINQ26;11/06/2026;10:00:00;172.530;173.225;172.140;172.810;349.601.405,00;10.124
WINQ26;11/06/2026;09:00:00;173.000;173.560;172.355;172.540;333.894.252,00;9.664
WINQ26;10/06/2026;18:00:00;172.230;172.275;172.080;172.200;18.043.918,00;524
WINQ26;10/06/2026;17:00:00;172.360;172.435;172.175;172.230;10.200.600,00;296
WINQ26;10/06/2026;16:00:00;172.185;172.635;172.175;172.365;15.311.399,00;444
WINQ26;10/06/2026;15:00:00;172.285;172.375;172.090;172.275;17.051.254,00;495
WINQ26;10/06/2026;14:00:00;172.610;172.755;172.225;172.245;24.177.872,00;701
WINQ26;10/06/2026;13:00:00;172.460;172.720;172.270;172.600;17.905.525,00;519
WINQ26;10/06/2026;12:00:00;171.990;172.555;171.950;172.375;62.588.737,00;1.817
WINQ26;10/06/2026;11:00:00;172.885;172.990;171.850;171.935;182.708.012,00;5.297
WINQ26;10/06/2026;10:00:00;172.705;173.075;171.840;172.880;146.362.869,00;4.247
WINQ26;10/06/2026;09:00:00;172.545;173.350;172.025;172.730;83.133.893,00;2.408
WINQ26;09/06/2026;18:00:00;173.645;173.705;173.500;173.500;56.670.324,00;1.632
WINQ26;09/06/2026;17:00:00;173.630;173.695;173.455;173.615;13.433.728,00;387
WINQ26;09/06/2026;16:00:00;173.820;173.830;173.180;173.605;64.136.411,00;1.849
WINQ26;09/06/2026;15:00:00;173.330;173.925;173.275;173.820;25.864.140,00;745
WINQ26;09/06/2026;14:00:00;173.000;173.770;172.940;173.335;91.714.106,00;2.646
WINQ26;09/06/2026;13:00:00;173.110;173.470;172.190;173.000;157.182.992,00;4.549
WINQ26;09/06/2026;12:00:00;173.965;174.180;172.955;173.145;160.700.596,00;4.638
WINQ26;09/06/2026;11:00:00;173.750;174.650;173.440;173.955;82.384.224,00;2.367
WINQ26;09/06/2026;10:00:00;173.890;174.270;173.200;173.605;113.422.892,00;3.265
WINQ26;09/06/2026;09:00:00;173.180;174.205;173.005;173.850;117.409.267,00;3.382
WINQ26;08/06/2026;18:00:00;172.635;172.800;172.525;172.800;39.998.607,00;1.159
WINQ26;08/06/2026;17:00:00;172.515;172.765;172.465;172.640;11.878.095,00;344
WINQ26;08/06/2026;16:00:00;172.595;172.680;172.365;172.465;51.399.902,00;1.490
WINQ26;08/06/2026;15:00:00;172.450;172.700;172.385;172.610;60.326.155,00;1.748
WINQ26;08/06/2026;14:00:00;172.345;172.475;172.070;172.440;87.015.636,00;2.526
WINQ26;08/06/2026;13:00:00;172.615;172.650;172.310;172.360;36.648.574,00;1.062
WINQ26;08/06/2026;12:00:00;173.245;173.320;172.575;172.675;75.839.803,00;2.195
WINQ26;08/06/2026;11:00:00;172.620;173.390;172.235;173.155;102.564.698,00;2.966
WINQ26;08/06/2026;10:00:00;172.960;173.660;172.525;172.640;100.255.745,00;2.897
WINQ26;08/06/2026;09:00:00;173.685;173.745;172.640;173.035;87.837.373,00;2.535
WINQ26;05/06/2026;18:00:00;172.790;172.960;172.670;172.960;14.374.760,00;416
WINQ26;05/06/2026;17:00:00;173.000;173.015;172.500;172.790;16.895.503,00;489
WINQ26;05/06/2026;16:00:00;173.430;173.445;172.965;173.025;106.935.233,00;3.089
WINQ26;05/06/2026;15:00:00;173.505;173.900;173.150;173.420;144.681.224,00;4.169
WINQ26;05/06/2026;14:00:00;173.260;173.650;173.010;173.495;76.709.198,00;2.214
WINQ26;05/06/2026;13:00:00;173.315;173.485;173.075;173.235;126.641.022,00;3.655
WINQ26;05/06/2026;12:00:00;174.235;174.420;173.235;173.300;54.407.424,00;1.565
WINQ26;05/06/2026;11:00:00;174.020;174.500;173.700;174.150;70.452.478,00;2.023
WINQ26;05/06/2026;10:00:00;174.335;174.645;173.405;174.030;73.591.433,00;2.112
WINQ26;05/06/2026;09:00:00;174.455;175.105;174.040;174.310;51.261.738,00;1.468
WINQ26;03/06/2026;18:00:00;174.375;174.375;174.105;174.200;40.668.188,00;1.167
WINQ26;03/06/2026;17:00:00;174.390;174.475;174.295;174.370;43.795.067,00;1.256
WINQ26;03/06/2026;16:00:00;174.445;174.550;174.205;174.355;16.217.886,00;465
WINQ26;03/06/2026;15:00:00;174.280;174.565;174.105;174.460;100.491.170,00;2.881
WINQ26;03/06/2026;14:00:00;174.575;174.755;174.245;174.310;64.080.263,00;1.836
WINQ26;03/06/2026;13:00:00;174.910;174.920;174.370;174.540;132.026.178,00;3.779
WINQ26;03/06/2026;12:00:00;175.495;175.700;174.840;174.980;228.134.503,00;6.516
WINQ26;03/06/2026;11:00:00;176.165;176.235;175.020;175.550;347.266.324,00;9.887
WINQ26;03/06/2026;10:00:00;175.795;176.520;175.390;176.150;236.720.486,00;6.724
WINQ26;03/06/2026;09:00:00;178.405;178.600;175.195;175.860;377.549.180,00;10.693
WINQ26;02/06/2026;18:00:00;178.795;178.835;178.625;178.785;74.756.098,00;2.092
WINQ26;02/06/2026;17:00:00;178.795;179.080;178.550;178.795;26.827.146,00;750
WINQ26;02/06/2026;16:00:00;178.980;179.010;178.685;178.735;27.077.128,00;757
WINQ26;02/06/2026;15:00:00;178.575;179.280;178.565;178.975;50.932.028,00;1.423
WINQ26;02/06/2026;14:00:00;178.720;178.745;178.175;178.520;31.694.082,00;888
WINQ26;02/06/2026;13:00:00;179.075;179.105;178.655;178.745;18.567.973,00;519
WINQ26;02/06/2026;12:00:00;178.835;179.290;178.715;179.100;30.045.906,00;839
WINQ26;02/06/2026;11:00:00;177.670;179.325;177.270;178.850;65.595.564,00;1.838
WINQ26;02/06/2026;10:00:00;177.550;178.430;177.240;177.730;135.634.048,00;3.814
WINQ26;02/06/2026;09:00:00;176.395;177.790;176.395;177.485;199.390.526,00;5.627
WINQ26;01/06/2026;18:00:00;176.580;176.640;176.330;176.350;98.529.899,00;2.792
WINQ26;01/06/2026;17:00:00;176.710;176.825;176.460;176.585;15.431.364,00;437
WINQ26;01/06/2026;16:00:00;176.800;177.125;176.645;176.745;17.049.723,00;482
WINQ26;01/06/2026;15:00:00;176.810;176.945;176.675;176.835;31.544.627,00;892
WINQ26;01/06/2026;14:00:00;177.065;177.255;176.625;176.850;45.211.950,00;1.278
WINQ26;01/06/2026;13:00:00;176.795;177.055;176.145;177.045;76.596.884,00;2.170
WINQ26;01/06/2026;12:00:00;176.430;177.160;176.325;176.690;57.746.277,00;1.633
WINQ26;01/06/2026;11:00:00;176.945;177.490;176.400;176.490;84.092.612,00;2.377
WINQ26;01/06/2026;10:00:00;178.545;178.740;176.565;177.000;86.024.880,00;2.426
WINQ26;01/06/2026;09:00:00;178.555;179.800;178.385;178.555;45.597.439,00;1.274
WINQ26;29/05/2026;18:00:00;178.385;178.670;178.235;178.400;14.841.512,00;416
WINQ26;29/05/2026;17:00:00;178.720;178.730;178.325;178.400;63.873.103,00;1.790
WINQ26;29/05/2026;16:00:00;178.410;178.950;178.310;178.580;69.744.674,00;1.952
WINQ26;29/05/2026;15:00:00;178.405;178.600;178.270;178.495;19.097.835,00;535
WINQ26;29/05/2026;14:00:00;177.855;178.630;177.850;178.495;59.579.975,00;1.670
WINQ26;29/05/2026;13:00:00;177.930;178.065;177.805;177.850;24.769.845,00;696
WINQ26;29/05/2026;12:00:00;178.130;178.685;177.735;177.930;93.359.566,00;2.622
WINQ26;29/05/2026;11:00:00;178.015;178.170;177.240;178.035;77.885.762,00;2.191
WINQ26;29/05/2026;10:00:00;179.375;179.660;177.485;177.975;192.227.086,00;5.387
WINQ26;29/05/2026;09:00:00;179.650;179.935;179.130;179.275;109.917.949,00;3.062
WINQ26;28/05/2026;18:00:00;179.320;179.330;179.055;179.210;42.898.076,00;1.197
WINQ26;28/05/2026;17:00:00;179.860;179.860;179.225;179.225;13.429.895,00;374
WINQ26;28/05/2026;16:00:00;180.135;180.150;179.785;179.840;33.720.761,00;937
WINQ26;28/05/2026;15:00:00;180.765;180.800;180.060;180.260;31.549.700,00;875
WINQ26;28/05/2026;14:00:00;180.525;180.850;180.200;180.825;37.464.813,00;1.037
WINQ26;28/05/2026;13:00:00;180.260;180.675;180.160;180.565;20.278.117,00;562
WINQ26;28/05/2026;12:00:00;180.450;180.715;180.235;180.355;46.011.278,00;1.275
WINQ26;28/05/2026;11:00:00;180.410;181.510;180.055;180.475;86.415.348,00;2.390
WINQ26;28/05/2026;10:00:00;180.740;181.245;179.305;180.350;205.253.150,00;5.690
WINQ26;28/05/2026;09:00:00;179.865;181.125;179.295;180.655;140.663.603,00;3.898
WINQ26;27/05/2026;18:00:00;180.500;180.545;180.350;180.385;26.714.166,00;740
WINQ26;27/05/2026;17:00:00;180.640;180.780;180.480;180.580;41.966.974,00;1.162
WINQ26;27/05/2026;16:00:00;180.650;180.800;180.495;180.615;39.460.798,00;1.092
WINQ26;27/05/2026;15:00:00;180.555;181.000;180.410;180.655;26.437.570,00;731
WINQ26;27/05/2026;14:00:00;181.110;181.110;180.250;180.725;38.083.417,00;1.054
WINQ26;27/05/2026;13:00:00;181.530;181.535;181.120;181.120;6.671.305,00;184
WINQ26;27/05/2026;12:00:00;181.780;181.995;181.180;181.475;16.782.093,00;462
WINQ26;27/05/2026;11:00:00;181.800;181.955;180.965;181.835;31.502.361,00;868
WINQ26;27/05/2026;10:00:00;182.400;182.810;181.195;182.000;106.421.833,00;2.924
WINQ26;27/05/2026;09:00:00;181.050;183.180;180.620;182.480;125.557.703,00;3.442
WINQ26;26/05/2026;18:00:00;181.505;181.505;181.215;181.245;3.844.463,00;106
WINQ26;26/05/2026;17:00:00;181.285;181.545;181.210;181.545;12.733.318,00;351
WINQ26;26/05/2026;16:00:00;180.665;181.265;180.620;181.260;17.378.281,00;480
WINQ26;26/05/2026;15:00:00;180.780;180.920;180.535;180.710;15.510.662,00;429
WINQ26;26/05/2026;14:00:00;180.600;180.880;180.460;180.660;12.433.670,00;344
WINQ26;26/05/2026;13:00:00;180.890;180.950;180.340;180.615;14.011.812,00;388
WINQ26;26/05/2026;12:00:00;181.190;181.225;180.485;180.870;19.458.418,00;538
WINQ26;26/05/2026;11:00:00;180.845;181.325;180.370;181.210;82.512.313,00;2.282
WINQ26;26/05/2026;10:00:00;182.255;182.470;180.555;180.810;136.303.099,00;3.755
WINQ26;26/05/2026;09:00:00;182.765;182.785;181.945;182.190;47.480.202,00;1.302
WINQ26;25/05/2026;18:00:00;182.875;183.020;182.875;182.995;4.573.952,00;125
WINQ26;25/05/2026;17:00:00;182.755;183.025;182.750;182.900;32.591.328,00;891
WINQ26;25/05/2026;16:00:00;182.630;182.750;182.285;182.750;9.494.407,00;260
WINQ26;25/05/2026;15:00:00;182.315;182.695;182.300;182.695;10.879.325,00;298
WINQ26;25/05/2026;14:00:00;181.965;182.490;181.930;182.325;24.969.428,00;685
WINQ26;25/05/2026;13:00:00;181.775;182.020;181.435;181.990;12.974.631,00;357
WINQ26;25/05/2026;12:00:00;181.715;182.050;181.630;181.800;7.384.119,00;203
WINQ26;25/05/2026;11:00:00;181.800;181.995;181.600;181.740;11.159.085,00;307
WINQ26;25/05/2026;10:00:00;182.200;182.365;181.690;181.750;22.277.671,00;612
WINQ26;25/05/2026;09:00:00;182.740;183.845;182.200;182.250;107.568.510,00;2.940
WINQ26;22/05/2026;18:00:00;181.385;181.485;181.320;181.355;3.627.319,00;100
WINQ26;22/05/2026;17:00:00;181.210;181.575;181.170;181.355;8.888.744,00;245
WINQ26;22/05/2026;16:00:00;181.445;181.575;181.125;181.275;24.518.158,00;676
WINQ26;22/05/2026;15:00:00;181.395;181.540;181.220;181.445;50.526.495,00;1.393
WINQ26;22/05/2026;14:00:00;181.090;181.815;180.990;181.480;49.045.993,00;1.352
WINQ26;22/05/2026;13:00:00;180.740;181.080;180.645;181.070;18.052.843,00;499
WINQ26;22/05/2026;12:00:00;180.000;180.735;179.920;180.590;17.973.823,00;498
WINQ26;22/05/2026;11:00:00;181.400;181.460;180.000;180.000;31.698.640,00;878
WINQ26;22/05/2026;10:00:00;181.555;181.790;181.000;181.660;25.359.748,00;699
WINQ26;22/05/2026;09:00:00;182.260;182.455;181.300;181.630;27.564.255,00;758
WINQ26;21/05/2026;18:00:00;182.605;182.670;182.355;182.455;4.452.522,00;122
WINQ26;21/05/2026;17:00:00;182.935;182.935;182.550;182.720;6.798.424,00;186
WINQ26;21/05/2026;16:00:00;182.510;183.005;182.470;183.000;75.465.634,00;2.065
WINQ26;21/05/2026;15:00:00;183.360;183.380;182.285;182.350;38.906.438,00;1.064
WINQ26;21/05/2026;14:00:00;182.000;183.920;182.000;183.225;75.630.305,00;2.065
WINQ26;21/05/2026;13:00:00;181.830;182.150;181.830;182.040;10.119.191,00;278
WINQ26;21/05/2026;12:00:00;181.590;181.980;181.420;181.805;21.260.960,00;585
WINQ26;21/05/2026;11:00:00;181.915;181.975;181.220;181.600;77.478.277,00;2.133
WINQ26;21/05/2026;10:00:00;181.460;182.375;180.915;181.935;47.948.959,00;1.321
WINQ26;21/05/2026;09:00:00;181.960;182.400;181.000;181.460;90.759.220,00;2.499
WINQ26;20/05/2026;18:00:00;182.440;182.460;182.100;182.170;4.483.144,00;123
WINQ26;20/05/2026;17:00:00;182.800;182.800;182.350;182.365;10.623.662,00;291
WINQ26;20/05/2026;16:00:00;183.290;183.460;182.800;182.870;8.023.112,00;219
WINQ26;20/05/2026;15:00:00;183.000;183.400;182.985;183.310;9.015.737,00;246
WINQ26;20/05/2026;14:00:00;183.230;183.500;183.040;183.040;17.853.759,00;487
WINQ26;20/05/2026;13:00:00;182.620;183.315;182.595;183.315;7.866.389,00;215
WINQ26;20/05/2026;12:00:00;182.300;183.220;182.190;182.650;33.640.997,00;920
WINQ26;20/05/2026;11:00:00;182.500;182.855;181.415;182.240;74.602.017,00;2.047
WINQ26;20/05/2026;10:00:00;180.375;182.640;180.345;182.455;145.887.469,00;4.016
WINQ26;20/05/2026;09:00:00;180.175;181.050;179.925;180.250;55.696.399,00;1.543
WINQ26;19/05/2026;18:00:00;179.785;180.105;179.785;179.920;13.783.659,00;383
WINQ26;19/05/2026;17:00:00;179.245;179.770;179.230;179.740;78.788.653,00;2.193
WINQ26;19/05/2026;16:00:00;179.450;179.480;179.070;179.240;21.841.071,00;609
WINQ26;19/05/2026;15:00:00;179.995;179.995;179.365;179.445;37.744.025,00;1.050
WINQ26;19/05/2026;14:00:00;180.490;180.560;179.960;180.065;48.380.142,00;1.342
WINQ26;19/05/2026;13:00:00;179.880;180.620;179.525;180.535;113.244.662,00;3.144
WINQ26;19/05/2026;12:00:00;179.955;180.215;179.615;179.850;87.998.239,00;2.447
WINQ26;19/05/2026;11:00:00;180.675;181.300;179.710;179.915;151.545.293,00;4.199
WINQ26;19/05/2026;10:00:00;180.090;180.845;178.800;180.765;271.517.338,00;7.552
WINQ26;19/05/2026;09:00:00;181.890;182.355;180.055;180.090;61.392.378,00;1.695
WINQ26;18/05/2026;18:00:00;182.785;183.065;182.785;183.025;9.514.453,00;260
WINQ26;18/05/2026;17:00:00;182.620;182.850;182.510;182.785;25.143.888,00;688
WINQ26;18/05/2026;16:00:00;181.275;182.775;181.270;182.750;40.765.035,00;1.119
WINQ26;18/05/2026;15:00:00;181.880;181.880;181.225;181.355;16.299.849,00;449
WINQ26;18/05/2026;14:00:00;182.290;182.325;181.845;181.845;7.828.736,00;215
WINQ26;18/05/2026;13:00:00;182.230;182.510;182.055;182.340;12.650.688,00;347
WINQ26;18/05/2026;12:00:00;182.170;182.500;181.870;182.265;13.412.377,00;368
WINQ26;18/05/2026;11:00:00;182.220;182.240;181.470;182.160;24.407.557,00;671
WINQ26;18/05/2026;10:00:00;182.085;182.540;181.470;182.355;82.853.131,00;2.274
WINQ26;18/05/2026;09:00:00;182.660;183.200;181.680;182.010;33.432.046,00;918
WINQ26;15/05/2026;18:00:00;182.780;183.000;182.680;182.860;8.266.014,00;226
WINQ26;15/05/2026;17:00:00;182.740;182.880;182.440;182.815;28.919.125,00;791
WINQ26;15/05/2026;16:00:00;182.130;182.955;182.035;182.895;18.610.365,00;510
WINQ26;15/05/2026;15:00:00;182.590;182.700;181.935;182.110;32.713.351,00;898
WINQ26;15/05/2026;14:00:00;182.250;182.585;182.200;182.570;10.252.456,00;281
WINQ26;15/05/2026;13:00:00;182.075;182.520;181.990;182.320;15.197.803,00;417
WINQ26;15/05/2026;12:00:00;181.705;182.230;181.700;182.040;13.283.836,00;365
WINQ26;15/05/2026;11:00:00;181.440;182.500;181.155;181.680;69.591.239,00;1.914
WINQ26;15/05/2026;10:00:00;181.055;181.720;180.825;181.370;268.628.967,00;7.412
WINQ26;15/05/2026;09:00:00;182.995;182.995;181.060;181.100;552.707.437,00;15.214
WINQ26;14/05/2026;18:00:00;184.200;184.390;184.150;184.390;5.821.554,00;158
WINQ26;14/05/2026;17:00:00;184.060;184.355;184.025;184.225;61.257.205,00;1.662
WINQ26;14/05/2026;16:00:00;184.285;184.420;184.000;184.040;17.228.369,00;468
WINQ26;14/05/2026;15:00:00;184.715;184.725;184.050;184.135;27.130.025,00;736
WINQ26;14/05/2026;14:00:00;184.665;185.110;184.630;184.775;27.336.587,00;739
WINQ26;14/05/2026;13:00:00;184.680;184.785;184.355;184.635;10.228.273,00;277
WINQ26;14/05/2026;12:00:00;184.560;184.775;184.465;184.670;48.497.607,00;1.313
WINQ26;14/05/2026;11:00:00;183.725;184.685;183.725;184.600;44.649.206,00;1.211
WINQ26;14/05/2026;10:00:00;184.255;184.420;183.290;183.625;73.610.163,00;2.000
WINQ26;14/05/2026;09:00:00;182.400;184.350;182.200;184.235;139.674.299,00;3.802
WINQ26;13/05/2026;18:00:00;182.770;182.770;182.455;182.615;52.345.826,00;1.434
WINQ26;13/05/2026;17:00:00;182.735;182.885;182.415;182.770;17.908.049,00;490
WINQ26;13/05/2026;16:00:00;183.120;183.230;182.440;182.715;16.309.261,00;446
WINQ26;13/05/2026;15:00:00;184.120;184.405;182.380;183.180;536.563.786,00;14.610
WINQ26;13/05/2026;14:00:00;185.740;185.740;184.000;184.080;198.994.882,00;5.389
WINQ26;13/05/2026;13:00:00;186.190;186.375;185.735;185.765;21.891.180,00;588
WINQ26;13/05/2026;12:00:00;186.145;186.190;185.805;186.095;22.433.418,00;603
WINQ26;13/05/2026;11:00:00;185.550;186.180;185.435;185.975;27.297.219,00;734
WINQ26;13/05/2026;10:00:00;185.715;186.055;184.470;185.575;155.049.125,00;4.181
WINQ26;13/05/2026;09:00:00;186.540;186.540;185.220;185.720;163.829.449,00;4.414
WINQ26;12/05/2026;18:00:00;186.505;186.575;186.370;186.575;3.692.603,00;99
WINQ26;12/05/2026;17:00:00;186.400;186.520;186.235;186.500;15.993.107,00;429
WINQ26;12/05/2026;16:00:00;186.380;186.835;186.380;186.405;22.168.797,00;594
WINQ26;12/05/2026;15:00:00;186.025;186.595;185.820;186.265;29.821.795,00;800
WINQ26;12/05/2026;14:00:00;185.985;186.420;185.940;186.000;20.809.307,00;559
WINQ26;12/05/2026;13:00:00;186.055;186.240;185.840;185.935;22.351.264,00;601
WINQ26;12/05/2026;12:00:00;186.155;186.530;185.820;186.105;65.642.588,00;1.764
WINQ26;12/05/2026;11:00:00;187.200;187.270;185.875;186.135;66.747.003,00;1.792
WINQ26;12/05/2026;10:00:00;187.235;187.750;186.185;187.120;179.314.803,00;4.798
WINQ26;12/05/2026;09:00:00;187.895;187.895;186.800;187.195;116.207.212,00;3.105
WINQ26;11/05/2026;18:00:00;188.025;188.625;187.975;188.600;19.099.105,00;507
WINQ26;11/05/2026;17:00:00;188.095;188.135;187.885;188.065;17.523.937,00;466
WINQ26;11/05/2026;16:00:00;188.130;188.130;187.655;188.095;33.283.172,00;886
WINQ26;11/05/2026;15:00:00;188.150;188.345;187.910;188.145;28.110.025,00;747
WINQ26;11/05/2026;14:00:00;188.100;188.280;187.880;188.100;37.418.652,00;995
WINQ26;11/05/2026;13:00:00;188.305;188.335;187.775;188.175;102.520.326,00;2.726
WINQ26;11/05/2026;12:00:00;188.555;188.700;188.240;188.360;73.081.406,00;1.939
WINQ26;11/05/2026;11:00:00;189.325;189.425;188.570;188.620;110.504.644,00;2.926
WINQ26;11/05/2026;10:00:00;189.645;190.635;189.190;189.300;62.791.242,00;1.652
WINQ26;11/05/2026;09:00:00;190.930;190.930;189.400;189.610;54.133.671,00;1.427
WINQ26;08/05/2026;18:00:00;190.710;190.820;190.595;190.795;11.976.544,00;314
WINQ26;08/05/2026;17:00:00;190.560;190.800;190.380;190.670;14.144.639,00;371
WINQ26;08/05/2026;16:00:00;190.985;191.000;190.435;190.645;16.428.566,00;431
WINQ26;08/05/2026;15:00:00;190.815;191.175;190.745;190.855;37.123.494,00;972
WINQ26;08/05/2026;14:00:00;190.860;191.020;190.620;190.875;17.936.040,00;470
WINQ26;08/05/2026;13:00:00;190.890;191.210;190.840;190.895;8.060.422,00;211
WINQ26;08/05/2026;12:00:00;191.295;191.295;190.750;190.750;12.757.632,00;334
WINQ26;08/05/2026;11:00:00;191.250;191.720;190.770;191.310;15.642.853,00;409
WINQ26;08/05/2026;10:00:00;191.375;191.970;190.960;191.305;78.110.616,00;2.039
WINQ26;08/05/2026;09:00:00;189.780;191.545;189.535;191.425;167.404.727,00;4.395
WINQ26;07/05/2026;18:00:00;189.180;189.180;188.900;189.115;78.142.295,00;2.067
WINQ26;07/05/2026;17:00:00;189.345;189.535;189.080;189.225;82.539.818,00;2.179
WINQ26;07/05/2026;16:00:00;189.760;189.800;189.150;189.340;209.318.802,00;5.523
WINQ26;07/05/2026;15:00:00;189.940;190.095;189.555;189.770;250.291.393,00;6.594
WINQ26;07/05/2026;14:00:00;189.990;190.180;189.185;189.885;408.355.147,00;10.762
WINQ26;07/05/2026;13:00:00;190.225;190.500;189.940;190.005;297.935.469,00;7.833
WINQ26;07/05/2026;12:00:00;190.755;191.000;190.170;190.265;285.701.879,00;7.500
WINQ26;07/05/2026;11:00:00;190.450;190.835;190.145;190.750;175.039.866,00;4.594
WINQ26;07/05/2026;10:00:00;193.425;193.425;190.300;190.430;130.661.297,00;3.412
WINQ26;07/05/2026;09:00:00;194.200;194.545;193.050;193.425;76.952.357,00;1.987
WINQ26;06/05/2026;18:00:00;193.840;193.920;193.840;193.910;66.851.184,00;1.724
WINQ26;06/05/2026;17:00:00;194.380;194.405;193.750;193.855;162.707.715,00;4.192
WINQ26;06/05/2026;16:00:00;194.600;194.875;194.335;194.500;12.842.612,00;330
WINQ26;06/05/2026;15:00:00;194.175;194.610;194.065;194.590;314.857.511,00;8.101
WINQ26;06/05/2026;14:00:00;194.535;194.875;193.980;194.155;133.029.135,00;3.427
WINQ26;06/05/2026;13:00:00;194.575;194.985;194.350;194.350;25.271.503,00;649
WINQ26;06/05/2026;12:00:00;194.320;194.830;194.060;194.600;105.207.886,00;2.708
WINQ26;06/05/2026;11:00:00;194.000;195.000;193.465;194.340;311.919.275,00;8.042
WINQ26;06/05/2026;10:00:00;195.230;195.420;194.050;194.050;103.698.517,00;2.661
WINQ26;06/05/2026;09:00:00;195.275;196.420;194.625;195.290;175.503.716,00;4.493
WINQ26;05/05/2026;18:00:00;193.365;193.450;193.200;193.400;81.234.886,00;2.101
WINQ26;05/05/2026;17:00:00;193.255;193.510;193.240;193.325;4.717.974,00;122
WINQ26;05/05/2026;16:00:00;193.500;193.585;193.190;193.245;5.454.641,00;141
WINQ26;05/05/2026;15:00:00;193.280;193.595;193.175;193.595;6.383.432,00;165
WINQ26;05/05/2026;14:00:00;193.265;193.360;192.925;193.175;10.469.814,00;271
WINQ26;05/05/2026;13:00:00;194.050;194.085;193.210;193.210;15.148.702,00;391
WINQ26;05/05/2026;12:00:00;193.265;194.070;192.970;193.990;33.403.028,00;862
WINQ26;05/05/2026;11:00:00;192.870;193.310;192.485;193.220;19.600.707,00;508
WINQ26;05/05/2026;10:00:00;192.000;193.250;191.980;192.845;85.642.826,00;2.222
WINQ26;05/05/2026;09:00:00;193.305;193.365;191.930;192.035;69.062.838,00;1.795
WINQ26;04/05/2026;18:00:00;192.260;192.470;192.260;192.470;3.000.826,00;78
WINQ26;04/05/2026;17:00:00;192.270;192.330;192.070;192.165;8.917.217,00;232
WINQ26;04/05/2026;16:00:00;192.490;192.595;192.240;192.240;8.276.509,00;215
WINQ26;04/05/2026;15:00:00;192.530;192.660;192.275;192.410;9.658.481,00;251
WINQ26;04/05/2026;14:00:00;192.355;192.735;192.255;192.440;15.165.519,00;394
WINQ26;04/05/2026;13:00:00;192.845;193.030;192.260;192.350;32.559.578,00;845
WINQ26;04/05/2026;12:00:00;193.480;193.810;192.620;192.840;126.469.579,00;3.275
WINQ26;04/05/2026;11:00:00;193.740;194.250;193.410;193.475;60.001.072,00;1.548
WINQ26;04/05/2026;10:00:00;194.025;194.500;193.525;193.760;51.901.576,00;1.339
WINQ26;04/05/2026;09:00:00;193.220;194.670;192.890;194.060;59.779.459,00;1.539
WINQ26;30/04/2026;18:00:00;194.030;194.030;193.815;193.855;3.102.181,00;80
WINQ26;30/04/2026;17:00:00;194.540;194.540;193.910;193.935;16.666.590,00;429
WINQ26;30/04/2026;16:00:00;194.540;194.860;194.540;194.560;37.114.160,00;953
WINQ26;30/04/2026;15:00:00;194.225;194.590;194.225;194.520;41.068.076,00;1.056
WINQ26;30/04/2026;14:00:00;193.950;194.360;193.950;194.200;42.600.909,00;1.097
WINQ26;30/04/2026;13:00:00;193.975;194.125;193.725;193.975;50.265.078,00;1.296
WINQ26;30/04/2026;12:00:00;193.805;194.160;193.660;194.060;15.159.676,00;391
WINQ26;30/04/2026;11:00:00;193.725;194.120;193.165;193.835;102.121.993,00;2.636
WINQ26;30/04/2026;10:00:00;192.765;193.800;192.665;193.745;239.582.446,00;6.197
WINQ26;30/04/2026;09:00:00;191.200;193.050;191.010;192.675;259.382.418,00;6.732
WINQ26;29/04/2026;18:00:00;191.050;191.050;190.745;190.800;35.002.725,00;917
WINQ26;29/04/2026;17:00:00;191.600;191.755;191.060;191.095;85.905.562,00;2.245
WINQ26;29/04/2026;16:00:00;192.040;192.100;191.360;191.575;49.342.275,00;1.287
WINQ26;29/04/2026;15:00:00;192.575;192.575;191.750;192.055;88.688.230,00;2.308
WINQ26;29/04/2026;14:00:00;192.705;192.800;192.400;192.600;91.172.776,00;2.366
WINQ26;29/04/2026;13:00:00;192.745;192.995;192.610;192.740;53.820.969,00;1.396
WINQ26;29/04/2026;12:00:00;193.800;193.820;192.550;192.710;166.190.989,00;4.301
WINQ26;29/04/2026;11:00:00;193.385;193.785;193.200;193.775;178.180.954,00;4.604
WINQ26;29/04/2026;10:00:00;194.550;194.620;193.380;193.405;185.748.185,00;4.790
WINQ26;29/04/2026;09:00:00;195.530;195.540;194.550;194.655;128.727.303,00;3.300
WINQ26;28/04/2026;18:00:00;195.820;195.820;195.570;195.625;4.618.039,00;118
WINQ26;28/04/2026;17:00:00;195.755;195.850;195.720;195.790;10.299.379,00;263
WINQ26;28/04/2026;16:00:00;195.710;195.910;195.590;195.745;9.318.340,00;238
WINQ26;28/04/2026;15:00:00;196.010;196.075;195.670;195.740;10.773.002,00;275
WINQ26;28/04/2026;14:00:00;195.935;196.205;195.645;196.005;11.681.220,00;298
WINQ26;28/04/2026;13:00:00;195.735;196.000;195.555;195.890;15.431.514,00;394
WINQ26;28/04/2026;12:00:00;195.035;195.750;195.035;195.735;70.441.673,00;1.804
WINQ26;28/04/2026;11:00:00;195.360;195.675;194.600;194.935;92.976.237,00;2.385
WINQ26;28/04/2026;10:00:00;195.305;195.820;194.485;195.350;116.879.410,00;2.996
WINQ26;28/04/2026;09:00:00;196.235;196.700;195.170;195.315;112.944.243,00;2.888
WINQ26;27/04/2026;18:00:00;196.815;196.825;196.610;196.630;10.625.685,00;270
WINQ26;27/04/2026;17:00:00;196.975;196.985;196.745;196.775;17.125.751,00;435
WINQ26;27/04/2026;16:00:00;197.370;197.405;196.920;196.960;11.119.680,00;282
WINQ26;27/04/2026;15:00:00;197.475;197.725;197.305;197.305;8.335.352,00;211
WINQ26;27/04/2026;14:00:00;197.425;197.675;197.085;197.565;15.987.561,00;405
WINQ26;27/04/2026;13:00:00;197.740;197.785;197.235;197.370;11.340.648,00;287
WINQ26;27/04/2026;12:00:00;197.510;197.805;197.335;197.800;16.355.365,00;414
WINQ26;27/04/2026;11:00:00;198.350;198.670;197.425;197.490;19.642.554,00;496
WINQ26;27/04/2026;10:00:00;198.350;198.750;197.820;198.375;56.107.418,00;1.415
WINQ26;27/04/2026;09:00:00;198.460;199.170;198.300;198.400;30.007.632,00;755
WINQ26;24/04/2026;18:00:00;198.345;198.505;198.325;198.325;2.301.417,00;58
WINQ26;24/04/2026;17:00:00;198.160;198.400;198.120;198.325;34.625.554,00;873
WINQ26;24/04/2026;16:00:00;198.205;198.250;197.860;198.100;14.100.556,00;356
WINQ26;24/04/2026;15:00:00;197.800;198.205;197.610;198.165;17.142.238,00;433
WINQ26;24/04/2026;14:00:00;197.655;198.015;197.490;197.840;26.374.220,00;667
WINQ26;24/04/2026;13:00:00;197.970;197.970;197.410;197.550;5.177.522,00;131
WINQ26;24/04/2026;12:00:00;197.750;198.185;197.500;198.025;21.292.010,00;538
WINQ26;24/04/2026;11:00:00;198.500;198.530;197.420;197.735;18.456.738,00;466
WINQ26;24/04/2026;10:00:00;198.630;198.980;197.550;198.605;75.817.319,00;1.914
WINQ26;24/04/2026;09:00:00;199.130;199.370;198.150;198.630;79.187.523,00;1.991
WINQ26;23/04/2026;18:00:00;198.800;198.800;198.595;198.595;6.437.155,00;162
WINQ26;23/04/2026;17:00:00;199.070;199.110;198.800;198.915;45.897.263,00;1.154
WINQ26;23/04/2026;16:00:00;199.565;199.565;198.895;199.130;73.715.092,00;1.851
WINQ26;23/04/2026;15:00:00;199.400;199.885;199.375;199.510;92.905.525,00;2.326
WINQ26;23/04/2026;14:00:00;200.140;200.140;198.400;199.500;62.338.266,00;1.566
WINQ26;23/04/2026;13:00:00;199.665;200.340;199.400;200.095;21.121.203,00;528
WINQ26;23/04/2026;12:00:00;199.920;200.175;199.630;199.665;15.031.854,00;376
WINQ26;23/04/2026;11:00:00;200.075;200.420;199.750;199.945;22.091.481,00;552
WINQ26;23/04/2026;10:00:00;200.490;200.965;199.605;200.120;46.918.580,00;1.171
WINQ26;23/04/2026;09:00:00;200.210;200.560;199.940;200.335;145.094.291,00;3.622
WINQ26;22/04/2026;18:00:00;200.415;200.440;200.100;200.100;29.844.951,00;745
WINQ26;22/04/2026;17:00:00;200.585;200.650;200.410;200.530;33.539.134,00;836
WINQ26;22/04/2026;16:00:00;200.625;200.700;200.350;200.585;87.912.316,00;2.192
WINQ26;22/04/2026;15:00:00;200.660;200.910;200.545;200.645;58.083.608,00;1.447
WINQ26;22/04/2026;14:00:00;200.685;201.010;200.580;200.695;72.322.169,00;1.801
WINQ26;22/04/2026;13:00:00;201.395;201.450;200.495;200.695;130.328.969,00;3.245
WINQ26;22/04/2026;12:00:00;201.380;201.455;201.000;201.345;102.367.647,00;2.543
WINQ26;22/04/2026;11:00:00;202.630;202.795;201.000;201.375;193.878.937,00;4.804
WINQ26;22/04/2026;10:00:00;202.975;203.670;201.980;202.560;80.829.736,00;1.994
WINQ26;22/04/2026;09:00:00;204.475;204.610;202.565;202.990;123.413.547,00;3.035
WINQ26;20/04/2026;18:00:00;204.090;204.350;204.040;204.350;4.451.773,00;109
WINQ26;20/04/2026;17:00:00;204.250;204.250;204.010;204.120;7.796.113,00;191
WINQ26;20/04/2026;16:00:00;204.085;204.280;203.905;204.205;3.224.684,00;79
WINQ26;20/04/2026;15:00:00;204.085;204.315;203.985;204.020;7.430.874,00;182
WINQ26;20/04/2026;14:00:00;204.275;204.370;203.865;204.000;7.633.555,00;187
WINQ26;20/04/2026;13:00:00;204.605;204.715;204.225;204.235;7.770.142,00;190
WINQ26;20/04/2026;12:00:00;204.240;204.675;203.910;204.580;14.554.208,00;356
WINQ26;20/04/2026;11:00:00;203.740;204.500;203.155;204.095;29.235.283,00;717
WINQ26;20/04/2026;10:00:00;204.065;204.670;203.450;203.770;37.470.723,00;918
WINQ26;20/04/2026;09:00:00;203.445;204.200;203.300;204.095;44.054.442,00;1.081
WINQ26;17/04/2026;18:00:00;203.915;203.915;203.465;203.465;7.736.478,00;190
WINQ26;17/04/2026;17:00:00;203.640;204.140;203.640;203.900;16.438.575,00;403
WINQ26;17/04/2026;16:00:00;203.680;203.940;203.520;203.635;34.342.840,00;843
WINQ26;17/04/2026;15:00:00;204.450;204.450;203.330;203.725;14.149.254,00;347
WINQ26;17/04/2026;14:00:00;204.410;204.570;204.120;204.450;11.160.387,00;273
WINQ26;17/04/2026;13:00:00;204.185;204.545;204.065;204.460;43.419.293,00;1.062
WINQ26;17/04/2026;12:00:00;204.070;204.505;203.745;204.185;144.983.795,00;3.550
WINQ26;17/04/2026;11:00:00;205.600;205.660;203.540;204.030;223.800.257,00;5.473
WINQ26;17/04/2026;10:00:00;206.920;207.355;205.235;205.725;196.136.849,00;4.756
WINQ26;17/04/2026;09:00:00;205.230;207.105;205.120;206.890;89.818.487,00;2.175
WINQ26;16/04/2026;18:00:00;204.870;204.870;204.635;204.745;7.864.268,00;192
WINQ26;16/04/2026;17:00:00;204.865;205.030;204.770;204.890;4.998.372,00;122
WINQ26;16/04/2026;16:00:00;204.590;204.930;204.575;204.885;16.831.875,00;411
WINQ26;16/04/2026;15:00:00;204.645;204.990;204.460;204.545;72.194.893,00;1.763
WINQ26;16/04/2026;14:00:00;205.055;205.090;204.535;204.695;72.385.275,00;1.767
WINQ26;16/04/2026;13:00:00;205.485;205.500;204.840;205.085;18.789.403,00;458
WINQ26;16/04/2026;12:00:00;204.750;205.465;204.750;205.465;35.654.089,00;869
WINQ26;16/04/2026;11:00:00;205.475;205.690;204.585;204.785;166.242.084,00;4.055
WINQ26;16/04/2026;10:00:00;206.685;206.685;205.315;205.515;101.560.366,00;2.466
WINQ26;16/04/2026;09:00:00;205.635;206.880;205.635;206.740;101.912.663,00;2.470
WINQ26;15/04/2026;18:00:00;205.610;205.695;205.525;205.525;20.560.987,00;500
WINQ26;15/04/2026;17:00:00;205.675;205.790;205.500;205.565;2.714.389,00;66
WINQ26;15/04/2026;16:00:00;206.025;206.130;205.330;205.650;14.624.860,00;356
WINQ26;15/04/2026;15:00:00;205.425;206.250;205.325;206.065;5.804.535,00;141
WINQ26;15/04/2026;14:00:00;205.350;205.505;205.190;205.500;4.887.147,00;119
WINQ26;15/04/2026;13:00:00;205.500;205.575;205.025;205.300;1.806.729,00;44
WINQ26;15/04/2026;12:00:00;205.865;205.990;205.400;205.505;1.767.718,00;43
WINQ26;15/04/2026;11:00:00;206.500;206.500;205.500;205.625;3.460.540,00;84
WINQ26;15/04/2026;10:00:00;205.800;207.250;205.800;206.045;39.342.857,00;951
WINQ26;15/04/2026;09:00:00;206.100;206.570;205.610;206.200;15.989.802,00;388
WINQ26;14/04/2026;18:00:00;206.800;206.800;206.800;206.800;41.360,00;1
WINQ26;14/04/2026;17:00:00;206.800;207.000;206.800;206.800;20.725.346,00;501
WINQ26;14/04/2026;16:00:00;206.880;207.105;206.880;207.105;703.522,00;17
WINQ26;14/04/2026;15:00:00;206.830;206.970;206.600;206.600;992.766,00;24
WINQ26;14/04/2026;14:00:00;207.025;207.170;206.750;206.750;1.324.760,00;32
WINQ26;14/04/2026;13:00:00;206.770;206.875;206.565;206.845;165.411,00;4
WINQ26;14/04/2026;12:00:00;206.640;206.970;206.500;206.970;702.577,00;17
WINQ26;14/04/2026;11:00:00;207.500;207.535;206.870;206.920;2.983.254,00;72
WINQ26;14/04/2026;10:00:00;206.790;207.225;206.285;207.225;2.109.706,00;51
WINQ26;14/04/2026;09:00:00;206.175;207.000;206.135;206.655;1.899.887,00;46
WINQ26;13/04/2026;18:00:00;206.160;206.160;205.995;205.995;1.195.596,00;29
WINQ26;13/04/2026;17:00:00;206.095;206.165;205.900;206.160;3.587.084,00;87
WINQ26;13/04/2026;16:00:00;206.155;206.235;206.105;206.235;412.331,00;10
WINQ26;13/04/2026;15:00:00;206.220;206.220;206.220;206.220;41.244,00;1
WINQ26;13/04/2026;14:00:00;205.800;206.150;205.800;206.105;947.662,00;23
WINQ26;13/04/2026;13:00:00;204.990;205.695;204.990;205.320;616.377,00;15
WINQ26;13/04/2026;12:00:00;204.920;204.920;204.920;204.920;81.968,00;2
WINQ26;13/04/2026;11:00:00;204.770;205.190;204.770;205.190;122.946,00;3
WINQ26;13/04/2026;10:00:00;204.855;205.000;204.855;204.900;286.951,00;7
WINQ26;13/04/2026;09:00:00;205.250;205.250;204.470;204.500;3.600.106,00;88
WINQ26;10/04/2026;18:00:00;206.000;206.000;205.995;205.995;288.394,00;7
WINQ26;10/04/2026;17:00:00;205.500;205.960;205.500;205.960;2.511.851,00;61
WINQ26;10/04/2026;16:00:00;205.250;205.500;205.250;205.500;287.510,00;7
WINQ26;10/04/2026;15:00:00;204.655;205.250;204.605;205.250;1.391.571,00;34
WINQ26;10/04/2026;14:00:00;204.600;204.600;204.600;204.600;40.920,00;1
WINQ26;10/04/2026;13:00:00;205.000;205.200;204.800;204.800;205.080,00;5
WINQ26;10/04/2026;12:00:00;205.245;205.245;204.700;204.700;246.027,00;6
WINQ26;10/04/2026;11:00:00;205.585;205.900;205.400;205.400;863.857,00;21
WINQ26;10/04/2026;10:00:00;204.300;205.160;204.300;205.160;1.147.422,00;28
WINQ26;10/04/2026;09:00:00;203.710;204.265;203.540;204.185;2.897.618,00;71
WINQ26;09/04/2026;18:00:00;203.800;203.920;203.710;203.710;285.382,00;7
WINQ26;09/04/2026;17:00:00;203.630;203.630;203.630;203.630;40.726,00;1
WINQ26;09/04/2026;15:00:00;203.185;203.365;203.185;203.365;447.331,00;11
WINQ26;09/04/2026;14:00:00;203.600;203.765;203.600;203.740;122.221,00;3
WINQ26;09/04/2026;13:00:00;203.060;203.060;203.040;203.040;81.220,00;2
WINQ26;09/04/2026;12:00:00;202.975;203.460;202.835;203.460;609.402,00;15
WINQ26;09/04/2026;10:00:00;201.750;202.000;201.750;202.000;525.088,00;13
WINQ26;09/04/2026;09:00:00;201.010;201.500;200.930;201.500;442.346,00;11
WINQ26;08/04/2026;16:00:00;200.200;200.405;200.180;200.405;520.526,00;13
WINQ26;08/04/2026;15:00:00;200.210;200.210;200.105;200.130;4.124.289,00;103
WINQ26;08/04/2026;14:00:00;200.530;200.530;200.530;200.530;40.106,00;1
WINQ26;08/04/2026;13:00:00;200.450;200.450;200.195;200.210;320.471,00;8
WINQ26;08/04/2026;12:00:00;200.505;200.615;200.305;200.500;2.527.619,00;63
WINQ26;08/04/2026;10:00:00;202.750;203.000;200.280;200.305;442.995,00;11
WINQ26;08/04/2026;09:00:00;200.000;202.750;200.000;202.750;965.965,00;24
WINQ26;07/04/2026;18:00:00;196.910;196.910;196.910;196.910;39.382,00;1
WINQ26;07/04/2026;17:00:00;196.500;197.000;196.500;197.000;236.211,00;6
WINQ26;07/04/2026;16:00:00;195.820;196.430;195.500;196.430;4.112.430,00;105
WINQ26;07/04/2026;14:00:00;196.110;196.110;196.110;196.110;39.222,00;1
WINQ26;07/04/2026;13:00:00;195.590;195.590;195.590;195.590;39.118,00;1
WINQ26;07/04/2026;12:00:00;195.250;195.250;195.250;195.250;39.050,00;1
WINQ26;07/04/2026;11:00:00;195.140;195.600;195.140;195.600;117.199,00;3
WINQ26;07/04/2026;10:00:00;195.610;195.610;194.500;194.695;350.861,00;9
WINQ26;07/04/2026;09:00:00;196.265;196.295;194.770;195.400;782.048,00;20
WINQ26;06/04/2026;17:00:00;196.400;196.400;196.400;196.400;78.560,00;2
WINQ26;06/04/2026;14:00:00;196.540;196.540;196.540;196.540;39.308,00;1
WINQ26;06/04/2026;10:00:00;197.300;197.300;196.540;196.540;3.346.269,00;85
WINQ26;06/04/2026;09:00:00;197.500;197.500;197.235;197.345;276.282,00;7
WINQ26;02/04/2026;18:00:00;196.705;196.705;195.925;195.925;117.867,00;3
WINQ26;02/04/2026;16:00:00;196.300;196.450;196.300;196.450;117.830,00;3
WINQ26;02/04/2026;14:00:00;195.910;195.910;195.600;195.600;156.572,00;4
WINQ26;02/04/2026;12:00:00;197.140;197.640;197.140;197.515;1.145.672,00;29
WINQ26;02/04/2026;11:00:00;195.835;197.130;195.835;197.000;2.120.947,00;54
WINQ26;02/04/2026;10:00:00;193.370;194.000;193.110;194.000;116.096,00;3
WINQ26;02/04/2026;09:00:00;193.760;193.800;193.240;193.720;580.443,00;15
WINQ26;01/04/2026;16:00:00;196.490;196.580;196.200;196.580;117.854,00;3
WINQ26;01/04/2026;15:00:00;197.000;197.000;196.490;196.490;78.698,00;2
WINQ26;01/04/2026;14:00:00;197.600;197.650;197.600;197.650;79.050,00;2
WINQ26;01/04/2026;13:00:00;197.100;197.340;197.100;197.340;118.338,00;3
WINQ26;01/04/2026;12:00:00;197.070;197.070;197.000;197.000;78.814,00;2
WINQ26;01/04/2026;11:00:00;196.120;196.770;196.120;196.770;275.202,00;7
WINQ26;01/04/2026;10:00:00;196.680;196.680;196.680;196.680;39.336,00;1
WINQ26;01/04/2026;09:00:00;196.925;197.500;196.925;197.400;118.365,00;3
WINQ26;31/03/2026;18:00:00;196.430;196.500;196.430;196.500;314.371,00;8
WINQ26;31/03/2026;17:00:00;196.250;196.450;195.990;196.275;196.243,00;5
WINQ26;31/03/2026;16:00:00;195.750;196.150;195.750;196.150;4.110.942,00;105
WINQ26;31/03/2026;15:00:00;195.995;196.000;195.750;196.000;352.749,00;9
WINQ26;31/03/2026;14:00:00;195.500;196.000;195.500;195.750;156.605,00;4
WINQ26;31/03/2026;13:00:00;194.330;195.800;194.330;195.800;1.171.398,00;30
WINQ26;31/03/2026;12:00:00;193.470;193.850;193.470;193.850;77.464,00;2
WINQ26;31/03/2026;11:00:00;194.230;194.230;193.250;193.250;77.496,00;2
WINQ26;31/03/2026;10:00:00;193.930;194.815;193.750;193.805;504.190,00;13
WINQ26;31/03/2026;09:00:00;193.500;194.350;193.300;194.285;387.858,00;10
WINQ26;30/03/2026;17:00:00;191.240;191.240;191.240;191.240;38.248,00;1
WINQ26;30/03/2026;15:00:00;191.000;191.000;191.000;191.000;38.200,00;1
WINQ26;30/03/2026;12:00:00;192.635;193.000;192.635;193.000;77.127,00;2
WINQ26;30/03/2026;10:00:00;192.500;192.500;191.445;191.445;115.078,00;3
WINQ26;30/03/2026;09:00:00;190.700;191.245;190.700;191.245;152.794,00;4
WINQ26;27/03/2026;18:00:00;189.800;189.800;189.800;189.800;37.960,00;1
WINQ26;27/03/2026;16:00:00;189.800;189.800;189.800;189.800;379.600,00;10
WINQ26;27/03/2026;15:00:00;189.910;189.910;189.910;189.910;37.982,00;1
WINQ26;27/03/2026;12:00:00;192.000;192.000;192.000;192.000;76.800,00;2
WINQ26;27/03/2026;10:00:00;190.500;190.500;190.000;190.000;152.100,00;4
WINQ26;27/03/2026;09:00:00;191.000;191.340;190.500;190.800;229.057,00;6
WINQ26;26/03/2026;17:00:00;192.900;193.220;192.500;192.500;115.724,00;3
WINQ26;26/03/2026;16:00:00;191.800;191.800;191.665;191.665;76.693,00;2
WINQ26;26/03/2026;14:00:00;191.800;191.800;191.800;191.800;76.720,00;2
WINQ26;26/03/2026;10:00:00;192.450;193.440;192.450;193.440;848.108,00;22
WINQ26;26/03/2026;09:00:00;192.000;192.200;192.000;192.200;153.640,00;4
WINQ26;25/03/2026;18:00:00;194.400;194.400;194.400;194.400;77.760,00;2
WINQ26;25/03/2026;15:00:00;195.000;195.000;194.750;194.750;77.950,00;2
WINQ26;25/03/2026;14:00:00;194.520;194.520;194.470;194.470;77.798,00;2
WINQ26;25/03/2026;12:00:00;194.750;194.750;194.750;194.750;38.950,00;1
WINQ26;25/03/2026;11:00:00;194.090;195.000;194.090;195.000;116.818,00;3
WINQ26;25/03/2026;10:00:00;194.625;194.625;194.625;194.625;389.250,00;10
WINQ26;25/03/2026;09:00:00;195.000;195.000;193.530;193.590;426.168,00;11
WINQ26;24/03/2026;18:00:00;193.300;193.300;193.300;193.300;193.300,00;5
WINQ26;24/03/2026;17:00:00;191.650;193.300;191.650;193.100;1.153.429,00;30
WINQ26;24/03/2026;15:00:00;190.990;190.990;190.990;190.990;38.198,00;1
WINQ26;24/03/2026;11:00:00;190.600;190.600;190.600;190.600;38.120,00;1
WINQ26;24/03/2026;10:00:00;189.000;189.000;189.000;189.000;113.400,00;3
WINQ26;24/03/2026;09:00:00;192.000;192.000;190.470;190.470;574.470,00;15
WINQ26;23/03/2026;18:00:00;191.800;191.800;191.800;191.800;38.360,00;1
WINQ26;23/03/2026;15:00:00;191.000;192.000;191.000;192.000;459.580,00;12
WINQ26;23/03/2026;11:00:00;190.360;191.005;190.360;191.000;190.873,00;5
WINQ26;23/03/2026;10:00:00;189.000;190.090;189.000;190.090;720.608,00;19
WINQ26;23/03/2026;09:00:00;187.075;187.075;186.800;186.800;411.510,00;11
WINQ26;20/03/2026;18:00:00;185.600;186.800;185.600;186.800;594.741,00;16
WINQ26;20/03/2026;17:00:00;184.865;185.490;184.800;185.490;259.132,00;7
WINQ26;20/03/2026;16:00:00;184.315;184.315;184.100;184.235;626.388,00;17
WINQ26;20/03/2026;15:00:00;185.020;185.020;184.140;184.565;553.663,00;15
WINQ26;20/03/2026;14:00:00;185.070;185.270;185.070;185.270;407.512,00;11
WINQ26;20/03/2026;12:00:00;186.275;186.320;185.995;185.995;633.237,00;17
WINQ26;20/03/2026;11:00:00;186.580;186.580;185.500;185.700;445.816,00;12
WINQ26;20/03/2026;10:00:00;187.945;187.945;187.155;187.155;1.572.329,00;42
WINQ26;19/03/2026;17:00:00;189.865;189.865;189.865;189.865;37.973,00;1
WINQ26;19/03/2026;16:00:00;189.040;190.585;189.040;189.395;2.735.027,00;72
WINQ26;19/03/2026;11:00:00;187.400;187.400;187.400;187.400;37.480,00;1
WINQ26;19/03/2026;10:00:00;186.310;186.955;186.310;186.955;112.044,00;3
WINQ26;19/03/2026;09:00:00;187.155;187.155;187.155;187.155;935.775,00;25
WINQ26;18/03/2026;18:00:00;188.230;188.230;188.230;188.230;112.938,00;3
WINQ26;18/03/2026;17:00:00;189.000;189.000;189.000;189.000;189.000,00;5
WINQ26;18/03/2026;16:00:00;189.445;189.445;189.445;189.445;37.889,00;1
WINQ26;18/03/2026;14:00:00;190.600;190.830;190.600;190.830;305.098,00;8
WINQ26;18/03/2026;13:00:00;190.320;190.320;190.320;190.320;38.064,00;1
WINQ26;18/03/2026;11:00:00;190.520;190.520;190.520;190.520;38.104,00;1
WINQ26;18/03/2026;10:00:00;189.220;190.100;189.220;190.100;1.022.211,00;27
WINQ26;18/03/2026;09:00:00;189.800;189.800;188.810;188.905;302.469,00;8
WINQ26;17/03/2026;10:00:00;191.805;191.905;191.805;191.905;1.381.696,00;36
WINQ26;17/03/2026;09:00:00;188.890;190.135;188.790;189.900;1.213.803,00;32
WINQ26;16/03/2026;16:00:00;189.920;189.920;189.920;189.920;37.984,00;1
WINQ26;16/03/2026;15:00:00;190.100;190.400;190.100;190.400;76.100,00;2
WINQ26;16/03/2026;14:00:00;189.700;189.700;189.700;189.700;37.940,00;1
WINQ26;16/03/2026;10:00:00;190.650;190.700;190.500;190.500;266.890,00;7
WINQ26;16/03/2026;09:00:00;189.720;190.785;189.670;190.100;570.560,00;15
WINQ26;13/03/2026;18:00:00;187.005;187.250;187.005;187.250;972.577,00;26
WINQ26;13/03/2026;17:00:00;187.480;187.480;187.480;187.480;37.496,00;1
WINQ26;13/03/2026;16:00:00;187.500;187.500;187.365;187.365;412.230,00;11
WINQ26;13/03/2026;14:00:00;187.500;187.500;187.500;187.500;37.500,00;1
WINQ26;13/03/2026;12:00:00;188.620;188.620;188.620;188.620;37.724,00;1
WINQ26;13/03/2026;10:00:00;190.500;190.500;190.500;190.500;38.100,00;1
WINQ26;13/03/2026;09:00:00;189.685;189.685;189.675;189.675;75.872,00;2
WINQ26;12/03/2026;13:00:00;189.685;189.685;189.685;189.685;37.937,00;1
WINQ26;12/03/2026;10:00:00;191.000;191.000;191.000;191.000;38.200,00;1
WINQ26;12/03/2026;09:00:00;193.000;193.000;191.350;191.350;996.685,00;26
WINQ26;11/03/2026;18:00:00;193.535;193.535;193.535;193.535;1.935.350,00;50
WINQ26;11/03/2026;16:00:00;193.500;193.500;193.500;193.500;38.700,00;1
WINQ26;11/03/2026;12:00:00;194.500;194.500;194.000;194.000;77.700,00;2
WINQ26;11/03/2026;11:00:00;195.065;195.065;194.670;194.670;1.989.576,00;51
WINQ26;11/03/2026;10:00:00;192.900;195.065;192.900;195.065;116.593,00;3
WINQ26;10/03/2026;18:00:00;193.500;193.500;193.500;193.500;38.700,00;1
WINQ26;10/03/2026;17:00:00;193.650;193.775;193.650;193.775;116.240,00;3
WINQ26;10/03/2026;16:00:00;194.090;194.090;193.250;193.250;348.722,00;9
WINQ26;10/03/2026;15:00:00;194.960;194.960;194.960;194.960;1.949.600,00;50
WINQ26;10/03/2026;13:00:00;193.970;193.970;193.970;193.970;38.794,00;1
WINQ26;10/03/2026;12:00:00;193.950;193.950;193.950;193.950;38.790,00;1
WINQ26;09/03/2026;18:00:00;191.600;191.600;191.600;191.600;38.320,00;1
WINQ26;09/03/2026;16:00:00;190.500;191.530;190.500;191.400;536.022,00;14
WINQ26;09/03/2026;13:00:00;189.800;189.800;189.800;189.800;37.960,00;1
WINQ26;09/03/2026;12:00:00;189.300;189.500;189.300;189.500;75.760,00;2
WINQ26;09/03/2026;10:00:00;189.000;189.000;189.000;189.000;37.800,00;1
WINQ26;09/03/2026;09:00:00;188.190;188.190;188.190;188.190;112.914,00;3
WINQ26;06/03/2026;17:00:00;189.525;189.525;189.100;189.500;151.485,00;4
WINQ26;06/03/2026;16:00:00;189.525;189.525;189.525;189.525;1.516.200,00;40
WINQ26;06/03/2026;10:00:00;190.500;190.500;190.500;190.500;1.562.100,00;41
WINQ26;06/03/2026;09:00:00;190.455;190.455;188.535;189.480;3.441.409,00;91
WINQ26;05/03/2026;18:00:00;190.665;190.665;190.665;190.665;76.266,00;2
WINQ26;05/03/2026;17:00:00;190.620;191.600;190.620;191.600;190.878,00;5
WINQ26;05/03/2026;14:00:00;191.000;191.000;191.000;191.000;38.200,00;1
WINQ26;05/03/2026;12:00:00;191.795;191.795;191.795;191.795;38.359,00;1
WINQ26;05/03/2026;11:00:00;193.900;193.900;192.300;192.300;927.260,00;24
WINQ26;05/03/2026;10:00:00;194.055;194.055;194.055;194.055;38.811,00;1
WINQ26;04/03/2026;11:00:00;194.380;194.380;193.900;193.900;116.436,00;3
WINQ26;04/03/2026;10:00:00;196.000;196.000;195.485;195.485;273.885,00;7
WINQ26;04/03/2026;09:00:00;194.450;195.075;194.450;194.690;700.645,00;18
WINQ26;03/03/2026;18:00:00;193.530;193.530;192.980;192.980;154.552,00;4
WINQ26;03/03/2026;16:00:00;194.445;194.650;194.445;194.650;9.453.290,00;243
WINQ26;03/03/2026;15:00:00;194.000;194.675;194.000;194.465;272.209,00;7
WINQ26;03/03/2026;14:00:00;193.865;193.865;193.850;193.850;193.859,00;5
WINQ26;03/03/2026;13:00:00;193.040;193.040;193.040;193.040;77.216,00;2
WINQ26;03/03/2026;11:00:00;192.850;192.850;191.780;191.780;153.965,00;4
WINQ26;03/03/2026;10:00:00;194.750;194.750;193.985;193.985;77.747,00;2
WINQ26;03/03/2026;09:00:00;198.500;198.500;194.750;194.750;1.171.603,00;30
WINQ26;02/03/2026;17:00:00;200.000;200.000;200.000;200.000;40.000,00;1
WINQ26;02/03/2026;16:00:00;200.000;200.925;200.000;200.925;321.207,00;8
WINQ26;02/03/2026;15:00:00;199.590;199.590;199.590;199.590;159.672,00;4
WINQ26;02/03/2026;11:00:00;197.500;199.025;197.395;199.025;1.031.015,00;26
WINQ26;02/03/2026;10:00:00;198.720;198.720;198.720;198.720;39.744,00;1
WINQ26;02/03/2026;09:00:00;199.000;199.000;197.750;197.750;198.490,00;5
WINQ26;27/02/2026;18:00:00;199.600;199.600;199.600;199.600;79.840,00;2
WINQ26;27/02/2026;17:00:00;199.600;199.600;199.600;199.600;39.920,00;1
WINQ26;27/02/2026;16:00:00;199.630;199.630;199.600;199.600;1.317.366,00;33
WINQ26;27/02/2026;14:00:00;200.620;200.620;200.620;200.620;40.124,00;1
WINQ26;27/02/2026;13:00:00;200.900;200.900;200.620;200.620;80.304,00;2
WINQ26;27/02/2026;11:00:00;201.740;201.740;201.740;201.740;403.480,00;10
WINQ26;27/02/2026;10:00:00;201.020;201.020;200.400;200.400;482.204,00;12
WINQ26;27/02/2026;09:00:00;200.200;200.400;200.200;200.400;80.120,00;2
WINQ26;26/02/2026;17:00:00;201.995;202.000;201.995;202.000;121.199,00;3
WINQ26;26/02/2026;15:00:00;201.200;201.200;201.200;201.200;40.240,00;1
WINQ26;26/02/2026;12:00:00;201.000;201.150;200.600;200.600;160.779,00;4
WINQ26;26/02/2026;11:00:00;201.750;201.750;201.300;201.300;80.610,00;2
WINQ26;26/02/2026;10:00:00;201.900;201.900;201.900;201.900;40.380,00;1
WINQ26;26/02/2026;09:00:00;201.800;201.800;201.795;201.795;403.591,00;10
WINQ26;25/02/2026;17:00:00;201.700;202.040;201.700;202.040;80.748,00;2
WINQ26;25/02/2026;16:00:00;201.890;201.900;201.890;201.900;121.136,00;3
WINQ26;25/02/2026;12:00:00;202.190;202.190;202.000;202.000;121.238,00;3
WINQ26;25/02/2026;11:00:00;202.605;202.605;202.405;202.405;81.002,00;2
WINQ26;25/02/2026;10:00:00;203.625;203.625;202.605;202.605;162.549,00;4
WINQ26;24/02/2026;17:00:00;203.000;203.000;203.000;203.000;40.600,00;1
WINQ26;24/02/2026;16:00:00;202.535;202.775;202.535;202.775;81.062,00;2
WINQ26;24/02/2026;14:00:00;203.000;203.000;202.890;202.890;81.178,00;2
WINQ26;24/02/2026;12:00:00;201.500;202.535;201.500;202.535;161.607,00;4
WINQ26;24/02/2026;10:00:00;200.750;201.500;200.750;201.250;120.700,00;3
WINQ26;24/02/2026;09:00:00;201.000;201.000;201.000;201.000;80.400,00;2
WINQ26;23/02/2026;17:00:00;199.975;200.250;199.975;200.250;120.055,00;3
WINQ26;23/02/2026;16:00:00;199.820;199.820;199.820;199.820;39.964,00;1
WINQ26;23/02/2026;15:00:00;200.600;200.600;200.340;200.340;998.334.340,00;24.916
WINQ26;23/02/2026;13:00:00;199.975;200.335;199.975;200.335;80.062,00;2
WINQ26;23/02/2026;11:00:00;200.960;200.960;200.960;200.960;40.192,00;1
WINQ26;20/02/2026;17:00:00;201.900;202.000;201.595;201.595;201.849,00;5
WINQ26;20/02/2026;16:00:00;200.900;201.300;200.900;201.300;80.440,00;2
WINQ26;20/02/2026;15:00:00;200.655;200.655;200.655;200.655;40.131,00;1
WINQ26;20/02/2026;14:00:00;200.100;200.100;200.100;200.100;40.020,00;1
WINQ26;20/02/2026;12:00:00;199.225;200.100;199.225;200.100;478.775,00;12
WINQ26;20/02/2026;09:00:00;199.500;199.565;199.500;199.565;399.117,00;10
WINQ26;19/02/2026;18:00:00;199.700;199.700;199.700;199.700;39.940,00;1
WINQ26;19/02/2026;17:00:00;199.330;199.600;199.330;199.600;79.786,00;2
WINQ26;19/02/2026;15:00:00;199.700;199.700;199.700;199.700;39.940,00;1
WINQ26;19/02/2026;14:00:00;199.850;199.850;199.850;199.850;39.970,00;1
WINQ26;19/02/2026;13:00:00;199.645;199.645;199.645;199.645;39.929,00;1
WINQ26;19/02/2026;12:00:00;198.110;199.480;198.110;199.480;357.953,00;9
WINQ26;19/02/2026;10:00:00;198.000;198.000;198.000;198.000;39.600,00;1
WINQ26;19/02/2026;09:00:00;197.345;198.300;197.345;198.300;118.598,00;3
WINQ26;13/02/2026;15:00:00;197.540;197.545;197.540;197.545;331.869.200,00;8.400
WINQ26;13/02/2026;14:00:00;197.540;197.545;197.540;197.545;38.757.488,00;981
