WINV26;02/09/2026;182050,00;188930,00;181970,00;187545,00;6,707171416E11;18053024
WINV26;01/09/2026;179390,00;183670,00;179000,00;182390,00;6,967246049E11;19136325
WINV26;31/08/2026;178625,00;181230,00;178610,00;180075,00;5,768122208E11;16010087
WINV26;28/08/2026;177645,00;179220,00;176425,00;177640,00;5,614614248E11;15787556
WINV26;27/08/2026;177670,00;178280,00;176105,00;177725,00;5,809026811E11;16386306
WINV26;26/08/2026;178005,00;179135,00;176910,00;177900,00;6,057977821E11;17014390
WINV26;25/08/2026;174565,00;177775,00;173875,00;177465,00;6,576599364E11;18744812
WINV26;24/08/2026;173480,00;176065,00;172000,00;174715,00;6,12696968E11;17596125
WINV26;21/08/2026;172250,00;175010,00;171025,00;174035,00;5,820180249E11;16797315
WINV26;20/08/2026;170650,00;172770,00;169310,00;170990,00;5,815166094E11;17027291
WINV26;19/08/2026;169635,00;173530,00;168680,00;171035,00;5,782473992E11;16851496
WINV26;18/08/2026;169640,00;171500,00;168555,00;169640,00;5,341788297E11;15704486
WINV26;17/08/2026;170245,00;171170,00;169385,00;169975,00;5,232805253E11;15393276
WINV26;14/08/2026;171100,00;171240,00;167975,00;169975,00;5,610162572E11;16582461
WINV26;13/08/2026;170665,00;171865,00;169370,00;170775,00;5,434337001E11;15942964
WINV26;12/08/2026;172260,00;172260,00;170225,00;170430,00;5,150256522E11;15036276
WINV26;11/08/2026;175800,00;176200,00;171000,00;171750,00;2,417475982E10;698478
WINV26;10/08/2026;176595,00;177260,00;175215,00;175910,00;6649935938,00;188824
WINV26;07/08/2026;180070,00;180485,00;175855,00;176195,00;3509831718,00;98800
WINV26;06/08/2026;182170,00;182400,00;179215,00;179450,00;1656787666,00;45919
WINV26;05/08/2026;182530,00;184460,00;181780,00;181945,00;914524382,00;25000
WINV26;04/08/2026;183025,00;185670,00;181775,00;181955,00;1920663047,00;52547
WINV26;03/08/2026;182810,00;183400,00;181145,00;182400,00;592669402,00;16277
WINV26;31/07/2026;181220,00;183200,00;180835,00;182415,00;346722842,00;9496
WINV26;30/07/2026;178690,00;181870,00;178255,00;181260,00;775606528,00;21518
WINV26;29/07/2026;181640,00;182205,00;177780,00;177800,00;1235025620,00;34415
WINV26;28/07/2026;180860,00;183355,00;180810,00;181300,00;957078621,00;26317
WINV26;27/07/2026;179215,00;180580,00;178780,00;180390,00;1237212052,00;34457
WINV26;24/07/2026;181510,00;181870,00;178425,00;178425,00;770732822,00;21442
WINV26;23/07/2026;182190,00;182880,00;181190,00;181750,00;1236418504,00;33988
WINV26;22/07/2026;178000,00;182950,00;177965,00;182605,00;884346871,00;24416
WINV26;21/07/2026;178990,00;179090,00;177230,00;178450,00;1178357514,00;33080
WINV26;20/07/2026;179300,00;179680,00;178285,00;178330,00;360966225,00;10092
WINV26;17/07/2026;178250,00;179795,00;178250,00;178775,00;516177289,00;14422
WINV26;16/07/2026;181045,00;182500,00;178865,00;178865,00;606441729,00;16844
WINV26;15/07/2026;181900,00;182440,00;180800,00;182250,00;865160763,00;23840
WINV26;14/07/2026;181310,00;183000,00;181100,00;181935,00;1187223391,00;32610
WINV26;13/07/2026;184120,00;184120,00;180775,00;181005,00;694567125,00;19007
WINV26;10/07/2026;179455,00;184450,00;179455,00;184365,00;3191437591,00;87456
WINV26;09/07/2026;176540,00;179130,00;176250,00;178905,00;414649342,00;11654
WINV26;08/07/2026;176295,00;177565,00;175745,00;176350,00;1210755528,00;34286
WINV26;07/07/2026;178000,00;179525,00;177305,00;177360,00;648073389,00;18151
WINV26;06/07/2026;180550,00;180560,00;177620,00;178275,00;697481724,00;19561
WINV26;03/07/2026;179200,00;180945,00;179075,00;180490,00;440256599,00;12222
WINV26;02/07/2026;178075,00;180790,00;177685,00;178880,00;861313557,00;24070
WINV26;01/07/2026;177760,00;178420,00;175805,00;178295,00;679093558,00;19180
WINV26;30/06/2026;179650,00;179805,00;176780,00;178330,00;917756418,00;25781
WINV26;29/06/2026;180565,00;181000,00;178710,00;179500,00;1445376208,00;40259
WINV26;26/06/2026;177605,00;180630,00;177465,00;179865,00;634751385,00;17699
WINV26;25/06/2026;177650,00;179935,00;177460,00;178355,00;703799079,00;19680
WINV26;24/06/2026;177945,00;178450,00;175970,00;177845,00;670693279,00;18934
WINV26;23/06/2026;176160,00;178650,00;175130,00;178510,00;343304054,00;9702
WINV26;22/06/2026;175205,00;177600,00;173975,00;177155,00;283182977,00;8035
WINV26;19/06/2026;175200,00;175890,00;174500,00;175450,00;224597393,00;6415
WINV26;18/06/2026;175300,00;176675,00;173970,00;175685,00;226769347,00;6464
WINV26;17/06/2026;176690,00;179120,00;175000,00;175300,00;44158127,00;1245
WINV26;16/06/2026;178000,00;178000,00;176500,00;176815,00;3078484,00;87
WINV26;15/06/2026;180090,00;181610,00;177800,00;177800,00;5635919,00;157
WINV26;12/06/2026;177510,00;179750,00;177385,00;178500,00;1928126,00;54
WINV26;11/06/2026;177200,00;179500,00;175865,00;179270,00;4935334,00;139
WINV26;10/06/2026;177085,00;177085,00;176000,00;176000,00;1233993,00;35
WINV26;09/06/2026;177500,00;177560,00;176115,00;177165,00;2012815,00;57
WINV26;08/06/2026;177375,00;177375,00;176000,00;176500,00;1343647,00;38
WINV26;05/06/2026;178830,00;178830,00;176295,00;176295,00;1989814,00;56
WINV26;03/06/2026;182000,00;182290,00;178300,00;178465,00;3977768,00;111
WINV26;02/06/2026;181400,00;183145,00;180980,00;183145,00;1236710,00;34
WINV26;01/06/2026;183000,00;183375,00;180000,00;180465,00;1236815,00;34
WINV26;29/05/2026;183610,00;183610,00;181335,00;182700,00;12969239,00;356
WINV26;28/05/2026;183395,00;185275,00;183000,00;183000,00;2610761,00;71
WINV26;27/05/2026;186375,00;187000,00;184175,00;184300,00;2860960,00;77
WINV26;26/05/2026;185960,00;186505,00;184490,00;185315,00;1445865,00;39
WINV26;25/05/2026;187500,00;187600,00;185340,00;186800,00;3547182,00;95
WINV26;22/05/2026;185900,00;186010,00;184000,00;185035,00;1408973,00;38
WINV26;21/05/2026;185785,00;187235,00;185735,00;186550,00;1491654,00;40
WINV26;20/05/2026;183025,00;187070,00;183025,00;187070,00;2804666,00;76
WINV26;19/05/2026;185800,00;185800,00;183000,00;183750,00;2245216,00;61
WINV26;18/05/2026;185910,00;186900,00;185300,00;186900,00;1972531,00;53
WINV26;15/05/2026;186475,00;187190,00;184820,00;186680,00;2530071,00;68
WINV26;14/05/2026;187000,00;189220,00;187000,00;188200,00;2447567,00;65
WINV26;13/05/2026;189775,00;190445,00;186430,00;186430,00;6450885,00;171
WINV26;12/05/2026;191415,00;191520,00;189895,00;190600,00;8240915,00;216
WINV26;11/05/2026;193555,00;194170,00;192000,00;192000,00;2121742,00;55
WINV26;08/05/2026;193490,00;196000,00;193490,00;195020,00;5421122,00;139
WINV26;07/05/2026;198210,00;198210,00;193280,00;193280,00;2182271,00;56
WINV26;06/05/2026;199550,00;200300,00;197830,00;197900,00;2063438,00;52
WINV26;05/05/2026;197155,00;198250,00;196400,00;197355,00;3041211,00;77
WINV26;04/05/2026;198000,00;198500,00;196470,00;196520,00;2369684,00;60
WINV26;30/04/2026;195935,00;198850,00;195935,00;198300,00;8826735,00;223
WINV26;29/04/2026;199095,00;199095,00;195000,00;195000,00;11402655,00;289
WINV26;28/04/2026;200265,00;200265,00;199105,00;199800,00;4829965,00;121
WINV26;27/04/2026;202950,00;203410,00;200745,00;200925,00;15151271,00;375
WINV26;24/04/2026;202000,00;203570,00;201670,00;202900,00;3002800,00;74
WINV26;23/04/2026;205000,00;205000,00;203605,00;203605,00;122468,00;3
WINV26;22/04/2026;207500,00;207850,00;204285,00;204285,00;2510312,00;61
WINV26;20/04/2026;208100,00;208745,00;207935,00;208745,00;833801,00;20
WINV26;17/04/2026;209630,00;211560,00;208000,00;208000,00;628243,00;15
WINV26;16/04/2026;210230,00;210630,00;208875,00;208875,00;377777,00;9
WINV26;15/04/2026;210000,00;210250,00;209685,00;210250,00;2477865,00;59
