WINV26;26/08/2026;13:00:00;177810,00;177835,00;177710,00;177785,00;3105670243,00;87345
WINV26;26/08/2026;12:00:00;177985,00;178135,00;177550,00;177810,00;4,593208945E10;1290937
WINV26;26/08/2026;11:00:00;178670,00;179080,00;177710,00;177980,00;9,349777487E10;2621380
WINV26;26/08/2026;10:00:00;177430,00;179135,00;177190,00;178670,00;1,576679382E11;4420552
WINV26;26/08/2026;09:00:00;178005,00;179050,00;177240,00;177430,00;1,110474355E11;3117329
WINV26;25/08/2026;18:00:00;177575,00;177775,00;177465,00;177465,00;6566785706,00;184853
WINV26;25/08/2026;17:00:00;177635,00;177725,00;177310,00;177575,00;2,555165646E10;719726
WINV26;25/08/2026;16:00:00;176600,00;177770,00;176575,00;177635,00;5,621286283E10;1585877
WINV26;25/08/2026;15:00:00;176640,00;176780,00;176145,00;176600,00;5,48685474E10;1554642
WINV26;25/08/2026;14:00:00;176280,00;176760,00;175970,00;176640,00;5,241127234E10;1486231
WINV26;25/08/2026;13:00:00;176220,00;176395,00;175805,00;176285,00;4,701952926E10;1334591
WINV26;25/08/2026;12:00:00;174470,00;176360,00;174430,00;176220,00;7,937539041E10;2262726
WINV26;25/08/2026;11:00:00;174195,00;174825,00;174060,00;174470,00;8,243998456E10;2361797
WINV26;25/08/2026;10:00:00;174260,00;175290,00;173875,00;174195,00;1,559480611E11;4468753
WINV26;25/08/2026;09:00:00;174565,00;175380,00;174170,00;174260,00;9,726584634E10;2785616
WINV26;24/08/2026;18:00:00;174860,00;174880,00;174625,00;174715,00;4160233686,00;119024
WINV26;24/08/2026;17:00:00;174650,00;174895,00;174615,00;174860,00;1,618392418E10;463038
WINV26;24/08/2026;16:00:00;174915,00;175125,00;174605,00;174645,00;3,394536219E10;970388
WINV26;24/08/2026;15:00:00;174945,00;175360,00;174665,00;174920,00;4,408673381E10;1259900
WINV26;24/08/2026;14:00:00;174940,00;175285,00;174675,00;174940,00;4,552826623E10;1301064
WINV26;24/08/2026;13:00:00;175620,00;175725,00;174900,00;174940,00;3,9596361E10;1129011
WINV26;24/08/2026;12:00:00;175195,00;176065,00;175020,00;175625,00;6,635997072E10;1890213
WINV26;24/08/2026;11:00:00;174820,00;175435,00;174000,00;175190,00;9,963881685E10;2853046
WINV26;24/08/2026;10:00:00;172420,00;174985,00;172000,00;174820,00;1,719464324E11;4967172
WINV26;24/08/2026;09:00:00;173480,00;173595,00;172215,00;172425,00;9,125086692E10;2643269
WINV26;21/08/2026;18:00:00;174090,00;174245,00;174035,00;174035,00;3963876477,00;113821
WINV26;21/08/2026;17:00:00;173870,00;174320,00;173775,00;174090,00;2,046100648E10;587738
WINV26;21/08/2026;16:00:00;174000,00;174150,00;173625,00;173865,00;3,54735753E10;1019964
WINV26;21/08/2026;15:00:00;173830,00;174420,00;173825,00;174000,00;3,886668175E10;1115977
WINV26;21/08/2026;14:00:00;174045,00;174100,00;173680,00;173830,00;3,249405482E10;934427
WINV26;21/08/2026;13:00:00;174490,00;174655,00;173810,00;174045,00;4,836678174E10;1388147
WINV26;21/08/2026;12:00:00;173780,00;175010,00;173730,00;174495,00;6,411288751E10;1838271
WINV26;21/08/2026;11:00:00;173600,00;174440,00;173130,00;173775,00;9,71483839E10;2793698
WINV26;21/08/2026;10:00:00;172025,00;173730,00;171305,00;173600,00;1,487882425E11;4314429
WINV26;21/08/2026;09:00:00;172250,00;172500,00;171025,00;172025,00;9,234253439E10;2690843
WINV26;20/08/2026;18:00:00;170770,00;171020,00;170710,00;170990,00;5039918928,00;147468
WINV26;20/08/2026;17:00:00;170745,00;170925,00;170605,00;170770,00;1,756153489E10;514157
WINV26;20/08/2026;16:00:00;170525,00;170935,00;170385,00;170745,00;3,465828015E10;1015344
WINV26;20/08/2026;15:00:00;170515,00;170800,00;170390,00;170520,00;3,55568203E10;1042002
WINV26;20/08/2026;14:00:00;170485,00;170600,00;170230,00;170510,00;3,792630543E10;1112656
WINV26;20/08/2026;13:00:00;171360,00;171555,00;170455,00;170485,00;4,535842129E10;1325978
WINV26;20/08/2026;12:00:00;172225,00;172770,00;171230,00;171360,00;7,031252165E10;2043729
WINV26;20/08/2026;11:00:00;170810,00;172295,00;170740,00;172230,00;9,334622922E10;2723351
WINV26;20/08/2026;10:00:00;170070,00;171285,00;169715,00;170805,00;1,473654237E11;4321724
WINV26;20/08/2026;09:00:00;170650,00;170650,00;169310,00;170065,00;9,439115387E10;2780882
WINV26;19/08/2026;18:00:00;170925,00;171165,00;170905,00;171035,00;5580726071,00;163155
WINV26;19/08/2026;17:00:00;170840,00;171020,00;170765,00;170920,00;1,651085492E10;483038
WINV26;19/08/2026;16:00:00;170700,00;170945,00;170460,00;170845,00;3,526738629E10;1032762
WINV26;19/08/2026;15:00:00;170870,00;171150,00;170600,00;170700,00;3,984821619E10;1165975
WINV26;19/08/2026;14:00:00;171035,00;171230,00;170710,00;170875,00;3,813057215E10;1115365
WINV26;19/08/2026;13:00:00;171220,00;171370,00;170785,00;171035,00;4,315362595E10;1261392
WINV26;19/08/2026;12:00:00;172580,00;172620,00;171130,00;171225,00;5,24756255E10;1527295
WINV26;19/08/2026;11:00:00;173295,00;173370,00;172265,00;172575,00;8,386060024E10;2424920
WINV26;19/08/2026;10:00:00;171575,00;173530,00;171470,00;173300,00;1,397194084E11;4053113
WINV26;19/08/2026;09:00:00;169635,00;171970,00;168680,00;171570,00;1,237003835E11;3624481
WINV26;18/08/2026;18:00:00;169435,00;169640,00;169325,00;169640,00;6734106860,00;198629
WINV26;18/08/2026;17:00:00;169375,00;169475,00;169170,00;169430,00;1,584441067E10;467909
WINV26;18/08/2026;16:00:00;169415,00;169530,00;169240,00;169375,00;3,242722845E10;957275
WINV26;18/08/2026;15:00:00;169840,00;170295,00;169310,00;169415,00;4,678555409E10;1377438
WINV26;18/08/2026;14:00:00;169820,00;170100,00;169765,00;169840,00;4,069254372E10;1197349
WINV26;18/08/2026;13:00:00;169840,00;169875,00;169435,00;169825,00;3,609816819E10;1063896
WINV26;18/08/2026;12:00:00;169735,00;170155,00;169725,00;169840,00;4,747683243E10;1397076
WINV26;18/08/2026;11:00:00;171355,00;171500,00;169705,00;169735,00;8,538155E10;2503537
WINV26;18/08/2026;10:00:00;170160,00;171435,00;169630,00;171360,00;1,437401567E11;4215069
WINV26;18/08/2026;09:00:00;169640,00;170180,00;168555,00;170165,00;7,89982786E10;2326308
WINV26;17/08/2026;18:00:00;169855,00;170190,00;169845,00;169975,00;5950209672,00;175008
WINV26;17/08/2026;17:00:00;170040,00;170040,00;169675,00;169850,00;1,963772897E10;578214
WINV26;17/08/2026;16:00:00;169925,00;170235,00;169810,00;170040,00;2,95551083E10;869279
WINV26;17/08/2026;15:00:00;169780,00;170040,00;169540,00;169920,00;3,514712827E10;1034930
WINV26;17/08/2026;14:00:00;169710,00;170110,00;169565,00;169775,00;4,387507462E10;1291618
WINV26;17/08/2026;13:00:00;169840,00;170080,00;169560,00;169705,00;3,761613382E10;1107509
WINV26;17/08/2026;12:00:00;169640,00;170155,00;169560,00;169840,00;4,87712439E10;1435469
WINV26;17/08/2026;11:00:00;169730,00;170465,00;169525,00;169645,00;8,731665143E10;2568106
WINV26;17/08/2026;10:00:00;169660,00;171170,00;169515,00;169730,00;1,366154486E11;4013469
WINV26;17/08/2026;09:00:00;170245,00;171160,00;169385,00;169655,00;7,879579771E10;2319674
WINV26;14/08/2026;18:00:00;170020,00;170280,00;169830,00;169975,00;6889342037,00;202543
WINV26;14/08/2026;17:00:00;169810,00;170170,00;169755,00;170020,00;2,466735718E10;725762
WINV26;14/08/2026;16:00:00;168850,00;170180,00;168695,00;169810,00;6,16636783E10;1820157
WINV26;14/08/2026;15:00:00;168100,00;168925,00;168065,00;168845,00;4,409441985E10;1308376
WINV26;14/08/2026;14:00:00;168350,00;168375,00;167975,00;168100,00;3,132607724E10;931416
WINV26;14/08/2026;13:00:00;168695,00;168780,00;168245,00;168350,00;3,606275626E10;1069716
WINV26;14/08/2026;12:00:00;168505,00;168895,00;168405,00;168695,00;4,369124329E10;1294880
WINV26;14/08/2026;11:00:00;169235,00;169365,00;168310,00;168505,00;8,061286112E10;2388738
WINV26;14/08/2026;10:00:00;169430,00;170100,00;168800,00;169235,00;1,364272964E11;4026520
WINV26;14/08/2026;09:00:00;171100,00;171240,00;169035,00;169425,00;9,558122553E10;2814353
WINV26;13/08/2026;18:00:00;170410,00;170970,00;170355,00;170775,00;8244906995,00;241498
WINV26;13/08/2026;17:00:00;170160,00;170440,00;170135,00;170405,00;1,726786949E10;507030
WINV26;13/08/2026;16:00:00;170200,00;170350,00;170045,00;170165,00;3,04405898E10;894218
WINV26;13/08/2026;15:00:00;170495,00;170685,00;170165,00;170200,00;3,841967793E10;1126927
WINV26;13/08/2026;14:00:00;170455,00;170700,00;170270,00;170495,00;4,497239544E10;1319015
WINV26;13/08/2026;13:00:00;169765,00;170460,00;169450,00;170455,00;4,947382188E10;1455805
WINV26;13/08/2026;12:00:00;170370,00;170385,00;169725,00;169770,00;4,94730435E10;1455062
WINV26;13/08/2026;11:00:00;170785,00;171070,00;170240,00;170375,00;7,91174809E10;2318069
WINV26;13/08/2026;10:00:00;170210,00;171865,00;170070,00;170785,00;1,349924757E11;3946013
WINV26;13/08/2026;09:00:00;170665,00;170810,00;169370,00;170205,00;9,103143839E10;2679327
WINV26;12/08/2026;18:00:00;170340,00;170435,00;170225,00;170430,00;4402887292,00;129229
WINV26;12/08/2026;17:00:00;170835,00;171010,00;170270,00;170345,00;2,295127558E10;672408
WINV26;12/08/2026;16:00:00;171070,00;171420,00;170805,00;170840,00;3,287323385E10;960318
WINV26;12/08/2026;15:00:00;171485,00;171490,00;170810,00;171070,00;3,326144425E10;971965
WINV26;12/08/2026;14:00:00;171450,00;171665,00;171165,00;171485,00;3,463030217E10;1010218
WINV26;12/08/2026;13:00:00;171110,00;171640,00;171110,00;171455,00;3,42092816E10;998023
WINV26;12/08/2026;12:00:00;171260,00;171465,00;170995,00;171110,00;3,78206993E10;1104535
WINV26;12/08/2026;11:00:00;171000,00;171800,00;170860,00;171260,00;9,495006422E10;2770906
WINV26;12/08/2026;10:00:00;171855,00;172045,00;170545,00;171000,00;1,430854628E11;4179131
WINV26;12/08/2026;09:00:00;172260,00;172260,00;171045,00;171855,00;7,68410012E10;2239543
WINV26;11/08/2026;18:00:00;171475,00;171750,00;171275,00;171750,00;369759179,00;10779
WINV26;11/08/2026;17:00:00;171315,00;171560,00;171310,00;171480,00;1369301218,00;39931
WINV26;11/08/2026;16:00:00;171180,00;171675,00;171120,00;171310,00;2335647036,00;68156
WINV26;11/08/2026;15:00:00;171415,00;171530,00;171000,00;171180,00;2578893461,00;75310
WINV26;11/08/2026;14:00:00;171795,00;171895,00;171380,00;171415,00;2514692630,00;73281
WINV26;11/08/2026;13:00:00;172350,00;172660,00;171800,00;171800,00;2430638911,00;70540
WINV26;11/08/2026;12:00:00;173730,00;173850,00;172245,00;172345,00;3441200202,00;99535
WINV26;11/08/2026;11:00:00;174880,00;174940,00;173570,00;173735,00;2626468629,00;75391
WINV26;11/08/2026;10:00:00;175525,00;175825,00;174770,00;174885,00;4221314436,00;120412
WINV26;11/08/2026;09:00:00;175800,00;176200,00;175065,00;175520,00;2286844120,00;65143
WINV26;10/08/2026;18:00:00;175800,00;175925,00;175725,00;175910,00;65946257,00;1875
WINV26;10/08/2026;17:00:00;175945,00;176045,00;175795,00;175845,00;369330366,00;10496
WINV26;10/08/2026;16:00:00;176035,00;176320,00;175830,00;175945,00;516699648,00;14675
WINV26;10/08/2026;15:00:00;176030,00;176160,00;175910,00;176040,00;353738207,00;10048
WINV26;10/08/2026;14:00:00;176040,00;176115,00;175655,00;176025,00;572998386,00;16292
WINV26;10/08/2026;13:00:00;175815,00;176130,00;175715,00;176040,00;563521164,00;16017
WINV26;10/08/2026;12:00:00;175985,00;176375,00;175735,00;175815,00;627260487,00;17821
WINV26;10/08/2026;11:00:00;175490,00;176260,00;175215,00;175980,00;1109096177,00;31557
WINV26;10/08/2026;10:00:00;176470,00;176695,00;175355,00;175485,00;1231984883,00;34962
WINV26;10/08/2026;09:00:00;176595,00;177260,00;176245,00;176455,00;1239360363,00;35081
WINV26;07/08/2026;18:00:00;176085,00;176195,00;175890,00;176195,00;83294853,00;2366
WINV26;07/08/2026;17:00:00;176230,00;176245,00;175945,00;176080,00;195845450,00;5562
WINV26;07/08/2026;16:00:00;175985,00;176390,00;175955,00;176225,00;262207133,00;7440
WINV26;07/08/2026;15:00:00;176430,00;176430,00;175855,00;175975,00;295268931,00;8377
WINV26;07/08/2026;14:00:00;176415,00;176495,00;176240,00;176425,00;200448743,00;5682
WINV26;07/08/2026;13:00:00;176580,00;176770,00;176190,00;176400,00;259862204,00;7363
WINV26;07/08/2026;12:00:00;176835,00;176945,00;176305,00;176575,00;471087503,00;13338
WINV26;07/08/2026;11:00:00;178460,00;178485,00;176765,00;176830,00;467239483,00;13156
WINV26;07/08/2026;10:00:00;179820,00;179965,00;178370,00;178450,00;599966579,00;16743
WINV26;07/08/2026;09:00:00;180070,00;180485,00;178945,00;179800,00;674610839,00;18773
WINV26;06/08/2026;18:00:00;179315,00;179455,00;179275,00;179450,00;16789225,00;468
WINV26;06/08/2026;17:00:00;179595,00;179600,00;179215,00;179340,00;112814042,00;3145
WINV26;06/08/2026;16:00:00;180005,00;180100,00;179450,00;179595,00;110182694,00;3065
WINV26;06/08/2026;15:00:00;180155,00;180190,00;179915,00;180000,00;86420862,00;2400
WINV26;06/08/2026;14:00:00;179950,00;180220,00;179825,00;180155,00;204692356,00;5687
WINV26;06/08/2026;13:00:00;180265,00;180335,00;179870,00;179955,00;180501743,00;5012
WINV26;06/08/2026;12:00:00;180870,00;181080,00;180210,00;180260,00;105543250,00;2923
WINV26;06/08/2026;11:00:00;180685,00;181265,00;180360,00;180835,00;153496537,00;4246
WINV26;06/08/2026;10:00:00;180700,00;181580,00;180285,00;180700,00;365481082,00;10103
WINV26;06/08/2026;09:00:00;182170,00;182400,00;180195,00;180690,00;320865875,00;8870
WINV26;05/08/2026;18:00:00;181865,00;181945,00;181780,00;181945,00;45288889,00;1245
WINV26;05/08/2026;17:00:00;181780,00;182055,00;181780,00;181875,00;43632044,00;1199
WINV26;05/08/2026;16:00:00;182205,00;182240,00;181790,00;181790,00;56572480,00;1554
WINV26;05/08/2026;15:00:00;182335,00;182560,00;182205,00;182220,00;26629930,00;730
WINV26;05/08/2026;14:00:00;182490,00;182585,00;182145,00;182350,00;74403486,00;2040
WINV26;05/08/2026;13:00:00;182710,00;182780,00;182380,00;182480,00;41263816,00;1130
WINV26;05/08/2026;12:00:00;182955,00;183250,00;182485,00;182735,00;79889562,00;2186
WINV26;05/08/2026;11:00:00;183525,00;184460,00;182860,00;183020,00;187542802,00;5106
WINV26;05/08/2026;10:00:00;183345,00;183885,00;182755,00;183545,00;178597753,00;4872
WINV26;05/08/2026;09:00:00;182530,00;183565,00;182455,00;183405,00;180703620,00;4938
WINV26;04/08/2026;18:00:00;182065,00;182095,00;181955,00;181955,00;14782487,00;406
WINV26;04/08/2026;17:00:00;181980,00;182235,00;181935,00;182075,00;122103304,00;3353
WINV26;04/08/2026;16:00:00;182175,00;182205,00;181935,00;181985,00;40819198,00;1121
WINV26;04/08/2026;15:00:00;182210,00;182260,00;181775,00;182120,00;464676879,00;12763
WINV26;04/08/2026;14:00:00;182600,00;182735,00;182170,00;182250,00;126990374,00;3480
WINV26;04/08/2026;13:00:00;182760,00;182790,00;182075,00;182625,00;276360910,00;7573
WINV26;04/08/2026;12:00:00;183060,00;183275,00;182660,00;182750,00;191135676,00;5227
WINV26;04/08/2026;11:00:00;182740,00;183120,00;182575,00;183080,00;223119385,00;6101
WINV26;04/08/2026;10:00:00;184400,00;185670,00;182555,00;182720,00;346375439,00;9415
WINV26;04/08/2026;09:00:00;183025,00;184810,00;182450,00;184425,00;114299395,00;3108
WINV26;03/08/2026;18:00:00;182280,00;182480,00;182260,00;182400,00;9448988,00;259
WINV26;03/08/2026;17:00:00;182225,00;182510,00;182205,00;182300,00;25161694,00;690
WINV26;03/08/2026;16:00:00;181810,00;182390,00;181810,00;182255,00;51088115,00;1402
WINV26;03/08/2026;15:00:00;181770,00;182060,00;181770,00;181830,00;22190399,00;610
WINV26;03/08/2026;14:00:00;181580,00;181985,00;181550,00;181770,00;39720180,00;1092
WINV26;03/08/2026;13:00:00;181625,00;181725,00;181485,00;181610,00;12782745,00;352
WINV26;03/08/2026;12:00:00;181555,00;181780,00;181430,00;181630,00;105264639,00;2897
WINV26;03/08/2026;11:00:00;181380,00;181885,00;181145,00;181615,00;61868077,00;1705
WINV26;03/08/2026;10:00:00;183195,00;183355,00;181250,00;181430,00;111417350,00;3061
WINV26;03/08/2026;09:00:00;182810,00;183400,00;182130,00;183205,00;153727215,00;4209
WINV26;31/07/2026;18:00:00;182265,00;182455,00;182265,00;182415,00;21517484,00;590
WINV26;31/07/2026;17:00:00;182765,00;182800,00;182190,00;182275,00;34713047,00;951
WINV26;31/07/2026;16:00:00;183090,00;183200,00;182345,00;182700,00;42294383,00;1157
WINV26;31/07/2026;15:00:00;182670,00;183160,00;182585,00;183085,00;54546063,00;1491
WINV26;31/07/2026;14:00:00;182275,00;182930,00;182130,00;182740,00;84871043,00;2323
WINV26;31/07/2026;13:00:00;182265,00;182800,00;181905,00;182345,00;45151024,00;1238
WINV26;31/07/2026;12:00:00;181220,00;182790,00;180835,00;182320,00;63629798,00;1746
WINV26;30/07/2026;18:00:00;181700,00;181750,00;181260,00;181260,00;24130136,00;665
WINV26;30/07/2026;17:00:00;181575,00;181870,00;181575,00;181730,00;51503713,00;1417
WINV26;30/07/2026;16:00:00;180840,00;181640,00;180825,00;181575,00;133137910,00;3671
WINV26;30/07/2026;15:00:00;180425,00;180900,00;180370,00;180825,00;76849935,00;2126
WINV26;30/07/2026;14:00:00;180545,00;180680,00;180360,00;180405,00;62620040,00;1735
WINV26;30/07/2026;13:00:00;180160,00;180555,00;180150,00;180510,00;105306149,00;2920
WINV26;30/07/2026;12:00:00;179745,00;180200,00;179435,00;180160,00;29285798,00;814
WINV26;30/07/2026;11:00:00;179295,00;179900,00;179175,00;179785,00;62157177,00;1730
WINV26;30/07/2026;10:00:00;178985,00;179550,00;178660,00;179305,00;69909525,00;1951
WINV26;30/07/2026;09:00:00;178690,00;179440,00;178255,00;178905,00;160706145,00;4489
WINV26;29/07/2026;18:00:00;177890,00;177950,00;177780,00;177800,00;109538901,00;3079
WINV26;29/07/2026;17:00:00;178455,00;178520,00;177875,00;177940,00;69328962,00;1946
WINV26;29/07/2026;16:00:00;179950,00;180170,00;178455,00;178505,00;168719312,00;4710
WINV26;29/07/2026;15:00:00;178970,00;179925,00;178750,00;179925,00;201127234,00;5608
WINV26;29/07/2026;14:00:00;179225,00;179225,00;178815,00;178950,00;180520859,00;5040
WINV26;29/07/2026;13:00:00;179550,00;179575,00;179110,00;179255,00;120855811,00;3371
WINV26;29/07/2026;12:00:00;179560,00;179790,00;179440,00;179550,00;38189635,00;1063
WINV26;29/07/2026;11:00:00;179800,00;180130,00;179350,00;179600,00;106815661,00;2972
WINV26;29/07/2026;10:00:00;181610,00;181635,00;179525,00;179695,00;111583581,00;3090
WINV26;29/07/2026;09:00:00;181640,00;182205,00;181030,00;181590,00;128345664,00;3536
WINV26;28/07/2026;18:00:00;181435,00;181570,00;181300,00;181300,00;44973299,00;1239
WINV26;28/07/2026;17:00:00;181175,00;181640,00;181175,00;181385,00;50482990,00;1391
WINV26;28/07/2026;16:00:00;181070,00;181335,00;181045,00;181175,00;60176169,00;1661
WINV26;28/07/2026;15:00:00;181470,00;181470,00;181000,00;181075,00;121991408,00;3366
WINV26;28/07/2026;14:00:00;181750,00;181840,00;181330,00;181470,00;33247050,00;916
WINV26;28/07/2026;13:00:00;181925,00;182045,00;181595,00;181695,00;21161728,00;582
WINV26;28/07/2026;12:00:00;181725,00;181955,00;181350,00;181955,00;49261165,00;1356
WINV26;28/07/2026;11:00:00;181485,00;182335,00;181430,00;181750,00;125410780,00;3447
WINV26;28/07/2026;10:00:00;182835,00;183355,00;181225,00;181440,00;189293499,00;5199
WINV26;28/07/2026;09:00:00;180860,00;183240,00;180810,00;182875,00;261080533,00;7160
WINV26;27/07/2026;18:00:00;180560,00;180565,00;180390,00;180390,00;57138603,00;1583
WINV26;27/07/2026;17:00:00;180290,00;180580,00;180130,00;180500,00;13528404,00;375
WINV26;27/07/2026;16:00:00;179870,00;180355,00;179750,00;180280,00;219403081,00;6090
WINV26;27/07/2026;15:00:00;179765,00;179875,00;179465,00;179820,00;23644645,00;658
WINV26;27/07/2026;14:00:00;179555,00;179785,00;179360,00;179730,00;11600740,00;323
WINV26;27/07/2026;13:00:00;179635,00;179840,00;179500,00;179540,00;19371789,00;539
WINV26;27/07/2026;12:00:00;179985,00;180090,00;179310,00;179570,00;53125991,00;1478
WINV26;27/07/2026;11:00:00;179220,00;179980,00;178780,00;179950,00;663221360,00;18502
WINV26;27/07/2026;10:00:00;179595,00;179650,00;178880,00;179280,00;46970105,00;1310
WINV26;27/07/2026;09:00:00;179215,00;179820,00;178875,00;179530,00;129207334,00;3599
WINV26;24/07/2026;18:00:00;178625,00;178625,00;178425,00;178425,00;20637466,00;578
WINV26;24/07/2026;17:00:00;178750,00;178825,00;178570,00;178610,00;90529096,00;2534
WINV26;24/07/2026;16:00:00;179135,00;179160,00;178685,00;178770,00;84889973,00;2372
WINV26;24/07/2026;15:00:00;179060,00;179155,00;178980,00;179115,00;37928022,00;1059
WINV26;24/07/2026;14:00:00;179125,00;179220,00;178980,00;179050,00;26972214,00;753
WINV26;24/07/2026;13:00:00;179800,00;179815,00;179030,00;179190,00;55984377,00;1560
WINV26;24/07/2026;12:00:00;180150,00;180170,00;179600,00;179785,00;86540689,00;2406
WINV26;24/07/2026;11:00:00;179925,00;180350,00;179845,00;180160,00;40301706,00;1119
WINV26;24/07/2026;10:00:00;180070,00;180220,00;179475,00;179850,00;81365637,00;2262
WINV26;24/07/2026;09:00:00;181510,00;181870,00;179930,00;180060,00;245583642,00;6799
WINV26;23/07/2026;18:00:00;181600,00;181750,00;181560,00;181750,00;68649592,00;1890
WINV26;23/07/2026;17:00:00;181530,00;181665,00;181480,00;181595,00;67223755,00;1851
WINV26;23/07/2026;16:00:00;181725,00;181865,00;181420,00;181555,00;63602826,00;1751
WINV26;23/07/2026;15:00:00;181440,00;181760,00;181330,00;181700,00;51296637,00;1412
WINV26;23/07/2026;14:00:00;181580,00;181675,00;181205,00;181330,00;28760735,00;793
WINV26;23/07/2026;13:00:00;181515,00;181690,00;181430,00;181545,00;8499097,00;234
WINV26;23/07/2026;12:00:00;182305,00;182395,00;181310,00;181515,00;349712084,00;9623
WINV26;23/07/2026;11:00:00;182010,00;182580,00;181760,00;182325,00;196271023,00;5386
WINV26;23/07/2026;10:00:00;182080,00;182880,00;181190,00;182000,00;166438922,00;4566
WINV26;23/07/2026;09:00:00;182190,00;182515,00;181545,00;182010,00;235963833,00;6482
WINV26;22/07/2026;18:00:00;182745,00;182900,00;182605,00;182605,00;72423705,00;1981
WINV26;22/07/2026;17:00:00;182705,00;182950,00;182640,00;182810,00;45332900,00;1240
WINV26;22/07/2026;16:00:00;182705,00;182740,00;182445,00;182705,00;29397096,00;805
WINV26;22/07/2026;15:00:00;182440,00;182735,00;182310,00;182705,00;51680277,00;1416
WINV26;22/07/2026;14:00:00;181550,00;182510,00;181550,00;182410,00;76270613,00;2095
WINV26;22/07/2026;13:00:00;181250,00;181605,00;181160,00;181540,00;22453041,00;619
WINV26;22/07/2026;12:00:00;180505,00;181285,00;180455,00;181175,00;32284707,00;892
WINV26;22/07/2026;11:00:00;181570,00;181660,00;180315,00;180580,00;104881101,00;2897
WINV26;22/07/2026;10:00:00;179480,00;181990,00;179300,00;181610,00;313665803,00;8669
WINV26;22/07/2026;09:00:00;178000,00;179480,00;177965,00;179385,00;135957628,00;3802
WINV26;21/07/2026;18:00:00;178350,00;178450,00;178310,00;178450,00;73804882,00;2069
WINV26;21/07/2026;17:00:00;178380,00;178380,00;178205,00;178345,00;18786491,00;527
WINV26;21/07/2026;16:00:00;178485,00;178555,00;178320,00;178425,00;16775468,00;470
WINV26;21/07/2026;15:00:00;178385,00;178490,00;178245,00;178400,00;9204612,00;258
WINV26;21/07/2026;14:00:00;178075,00;178400,00;177970,00;178390,00;25768109,00;723
WINV26;21/07/2026;13:00:00;177700,00;178125,00;177700,00;178045,00;30879751,00;868
WINV26;21/07/2026;12:00:00;177315,00;177860,00;177230,00;177665,00;86675173,00;2440
WINV26;21/07/2026;11:00:00;177690,00;178330,00;177250,00;177315,00;245966713,00;6923
WINV26;21/07/2026;10:00:00;178475,00;178825,00;177620,00;177815,00;457794391,00;12846
WINV26;21/07/2026;09:00:00;178990,00;179090,00;178190,00;178420,00;212701924,00;5956
WINV26;20/07/2026;18:00:00;178410,00;178480,00;178285,00;178330,00;58283159,00;1634
WINV26;20/07/2026;17:00:00;178775,00;178775,00;178385,00;178445,00;14635111,00;410
WINV26;20/07/2026;16:00:00;178865,00;178955,00;178660,00;178770,00;12269132,00;343
WINV26;20/07/2026;15:00:00;178935,00;179090,00;178695,00;178805,00;9268695,00;259
WINV26;20/07/2026;14:00:00;178730,00;178900,00;178590,00;178900,00;8902488,00;249
WINV26;20/07/2026;13:00:00;179185,00;179450,00;178660,00;178660,00;21165376,00;591
WINV26;20/07/2026;12:00:00;179200,00;179330,00;178890,00;179225,00;16628688,00;464
WINV26;20/07/2026;11:00:00;178990,00;179520,00;178710,00;179235,00;13187943,00;368
WINV26;20/07/2026;10:00:00;178970,00;179680,00;178300,00;178950,00;65432528,00;1828
WINV26;20/07/2026;09:00:00;179300,00;179670,00;178500,00;178980,00;141193105,00;3946
WINV26;17/07/2026;18:00:00;178645,00;178850,00;178645,00;178775,00;52320111,00;1464
WINV26;17/07/2026;17:00:00;178960,00;179030,00;178620,00;178690,00;19595863,00;548
WINV26;17/07/2026;16:00:00;178655,00;179085,00;178495,00;179005,00;101145268,00;2829
WINV26;17/07/2026;15:00:00;178775,00;178775,00;178565,00;178665,00;39480331,00;1105
WINV26;17/07/2026;14:00:00;179170,00;179270,00;178775,00;178775,00;35733132,00;998
WINV26;17/07/2026;13:00:00;179680,00;179745,00;179030,00;179115,00;43115201,00;1202
WINV26;17/07/2026;12:00:00;179455,00;179795,00;179240,00;179670,00;32181521,00;896
WINV26;17/07/2026;11:00:00;179400,00;179495,00;178830,00;179430,00;23868762,00;666
WINV26;17/07/2026;10:00:00;179085,00;179600,00;178545,00;179500,00;54181580,00;1513
WINV26;17/07/2026;09:00:00;178250,00;179365,00;178250,00;179010,00;114555520,00;3201
WINV26;16/07/2026;18:00:00;179030,00;179035,00;178865,00;178865,00;53638933,00;1499
WINV26;16/07/2026;17:00:00;179210,00;179260,00;178870,00;179005,00;15862280,00;443
WINV26;16/07/2026;16:00:00;179090,00;179195,00;178975,00;179170,00;16475179,00;460
WINV26;16/07/2026;15:00:00;179150,00;179315,00;178905,00;179130,00;76246507,00;2128
WINV26;16/07/2026;14:00:00;179880,00;179895,00;179135,00;179200,00;117700051,00;3280
WINV26;16/07/2026;13:00:00;180500,00;180525,00;179840,00;179860,00;26253581,00;729
WINV26;16/07/2026;12:00:00;180295,00;180590,00;180080,00;180500,00;24422547,00;677
WINV26;16/07/2026;11:00:00;179475,00;180615,00;179475,00;180430,00;56854830,00;1579
WINV26;16/07/2026;10:00:00;181060,00;181080,00;179195,00;179465,00;97548213,00;2711
WINV26;16/07/2026;09:00:00;181045,00;182500,00;181000,00;181075,00;121439608,00;3338
WINV26;15/07/2026;18:00:00;181520,00;182250,00;181465,00;182250,00;30192667,00;831
WINV26;15/07/2026;17:00:00;181485,00;181700,00;181400,00;181500,00;25460748,00;701
WINV26;15/07/2026;16:00:00;181595,00;181840,00;181460,00;181480,00;14312278,00;394
WINV26;15/07/2026;15:00:00;181585,00;181840,00;181500,00;181590,00;13297363,00;366
WINV26;15/07/2026;14:00:00;180945,00;181720,00;180915,00;181605,00;12254707,00;338
WINV26;15/07/2026;13:00:00;181310,00;181310,00;180850,00;180920,00;23619085,00;652
WINV26;15/07/2026;12:00:00;181680,00;181885,00;181190,00;181215,00;21861084,00;602
WINV26;15/07/2026;11:00:00;181540,00;181845,00;181110,00;181685,00;324931342,00;8956
WINV26;15/07/2026;10:00:00;182255,00;182265,00;181155,00;181515,00;105020443,00;2891
WINV26;15/07/2026;09:00:00;181900,00;182440,00;180800,00;182200,00;294211046,00;8109
WINV26;14/07/2026;18:00:00;182260,00;182300,00;181935,00;181935,00;60673538,00;1666
WINV26;14/07/2026;17:00:00;182250,00;182420,00;182145,00;182285,00;19178488,00;526
WINV26;14/07/2026;16:00:00;182175,00;182350,00;181960,00;182250,00;20183499,00;554
WINV26;14/07/2026;15:00:00;181680,00;182290,00;181615,00;182265,00;27436611,00;754
WINV26;14/07/2026;14:00:00;181790,00;181835,00;181550,00;181560,00;18636169,00;513
WINV26;14/07/2026;13:00:00;181665,00;181940,00;181340,00;181745,00;39239774,00;1080
WINV26;14/07/2026;12:00:00;181870,00;182255,00;181635,00;181700,00;39337506,00;1081
WINV26;14/07/2026;11:00:00;182500,00;182740,00;181680,00;181890,00;438919650,00;12051
WINV26;14/07/2026;10:00:00;182045,00;182490,00;181540,00;182480,00;78123580,00;2146
WINV26;14/07/2026;09:00:00;181310,00;183000,00;181100,00;182045,00;445494576,00;12239
WINV26;13/07/2026;18:00:00;180905,00;181115,00;180775,00;181005,00;75238056,00;2079
WINV26;13/07/2026;17:00:00;181235,00;181425,00;180845,00;180900,00;17126369,00;473
WINV26;13/07/2026;16:00:00;181550,00;181650,00;181135,00;181240,00;34032190,00;938
WINV26;13/07/2026;15:00:00;181340,00;181550,00;181205,00;181550,00;34568536,00;953
WINV26;13/07/2026;14:00:00;181615,00;181800,00;181250,00;181325,00;37082694,00;1022
WINV26;13/07/2026;13:00:00;182140,00;182220,00;181605,00;181635,00;28778991,00;791
WINV26;13/07/2026;12:00:00;182515,00;182550,00;182035,00;182130,00;19678059,00;540
WINV26;13/07/2026;11:00:00;183245,00;183245,00;182280,00;182545,00;71929470,00;1968
WINV26;13/07/2026;10:00:00;184000,00;184030,00;182715,00;183320,00;95942415,00;2616
WINV26;13/07/2026;09:00:00;184120,00;184120,00;183305,00;183890,00;280190345,00;7627
WINV26;10/07/2026;18:00:00;184260,00;184450,00;184185,00;184365,00;107378472,00;2912
WINV26;10/07/2026;17:00:00;183725,00;184395,00;183705,00;184245,00;229815547,00;6240
WINV26;10/07/2026;16:00:00;183245,00;183715,00;183225,00;183700,00;55256959,00;1506
WINV26;10/07/2026;15:00:00;183095,00;183725,00;183095,00;183250,00;174021394,00;4743
WINV26;10/07/2026;14:00:00;183090,00;183205,00;183000,00;183085,00;116973165,00;3194
WINV26;10/07/2026;13:00:00;182215,00;183265,00;182215,00;183100,00;246780563,00;6741
WINV26;10/07/2026;12:00:00;182410,00;182415,00;181915,00;182215,00;105715289,00;2902
WINV26;10/07/2026;11:00:00;182275,00;182765,00;181750,00;182450,00;1035798913,00;28407
WINV26;10/07/2026;10:00:00;182000,00;182505,00;181310,00;182250,00;583674761,00;16043
WINV26;10/07/2026;09:00:00;179455,00;184330,00;179455,00;182070,00;536022528,00;14768
WINV26;09/07/2026;18:00:00;178900,00;179130,00;178900,00;178905,00;100141001,00;2797
WINV26;09/07/2026;17:00:00;178720,00;178930,00;178680,00;178900,00;22104133,00;618
WINV26;09/07/2026;16:00:00;178570,00;178785,00;178500,00;178765,00;18580411,00;520
WINV26;09/07/2026;15:00:00;178600,00;178625,00;178325,00;178600,00;12562949,00;352
WINV26;09/07/2026;14:00:00;178210,00;178670,00;178115,00;178595,00;22637800,00;634
WINV26;09/07/2026;13:00:00;178250,00;178440,00;178100,00;178165,00;13763107,00;386
WINV26;09/07/2026;12:00:00;178230,00;178420,00;177850,00;178210,00;8979276,00;252
WINV26;09/07/2026;11:00:00;176890,00;178225,00;176890,00;178225,00;61097834,00;1719
WINV26;09/07/2026;10:00:00;176945,00;177525,00;176570,00;176800,00;42835528,00;1210
WINV26;09/07/2026;09:00:00;176540,00;177550,00;176250,00;176875,00;111947303,00;3166
WINV26;08/07/2026;18:00:00;176230,00;176420,00;176230,00;176350,00;114245290,00;3239
WINV26;08/07/2026;17:00:00;176500,00;176500,00;176175,00;176230,00;8814699,00;250
WINV26;08/07/2026;16:00:00;176515,00;176775,00;176500,00;176595,00;10245118,00;290
WINV26;08/07/2026;15:00:00;176350,00;176690,00;176315,00;176470,00;17588202,00;498
WINV26;08/07/2026;14:00:00;176505,00;176585,00;176190,00;176250,00;114526035,00;3249
WINV26;08/07/2026;13:00:00;175985,00;176700,00;175900,00;176535,00;149804349,00;4242
WINV26;08/07/2026;12:00:00;175935,00;176375,00;175850,00;176000,00;12931000,00;367
WINV26;08/07/2026;11:00:00;176470,00;176835,00;175870,00;176030,00;241493472,00;6840
WINV26;08/07/2026;10:00:00;177400,00;177505,00;175745,00;176490,00;464066769,00;13135
WINV26;08/07/2026;09:00:00;176295,00;177565,00;175840,00;177325,00;77040594,00;2176
WINV26;07/07/2026;18:00:00;177675,00;177675,00;177360,00;177360,00;14799014,00;417
WINV26;07/07/2026;17:00:00;177780,00;177910,00;177670,00;177670,00;5013698,00;141
WINV26;07/07/2026;16:00:00;177820,00;177920,00;177650,00;177770,00;11554200,00;325
WINV26;07/07/2026;15:00:00;177795,00;178060,00;177445,00;177885,00;29409818,00;827
WINV26;07/07/2026;14:00:00;177505,00;177925,00;177505,00;177790,00;14075508,00;396
WINV26;07/07/2026;13:00:00;177460,00;177540,00;177305,00;177430,00;16181850,00;456
WINV26;07/07/2026;12:00:00;177935,00;177935,00;177390,00;177425,00;27871649,00;785
WINV26;07/07/2026;11:00:00;178460,00;178730,00;177335,00;178010,00;228516864,00;6411
WINV26;07/07/2026;10:00:00;178975,00;179525,00;178305,00;178305,00;279853529,00;7812
WINV26;07/07/2026;09:00:00;178000,00;179400,00;178000,00;178785,00;20797259,00;581
WINV26;06/07/2026;18:00:00;178495,00;178570,00;178245,00;178275,00;6458434,00;181
WINV26;06/07/2026;17:00:00;178375,00;178560,00;178365,00;178545,00;6352688,00;178
WINV26;06/07/2026;16:00:00;178370,00;178450,00;178165,00;178350,00;14336656,00;402
WINV26;06/07/2026;15:00:00;178540,00;178620,00;178300,00;178385,00;10316691,00;289
WINV26;06/07/2026;14:00:00;178080,00;178590,00;177965,00;178480,00;110164652,00;3091
WINV26;06/07/2026;13:00:00;177945,00;178125,00;177810,00;177990,00;31997027,00;899
WINV26;06/07/2026;12:00:00;177815,00;178200,00;177785,00;177975,00;92280426,00;2592
WINV26;06/07/2026;11:00:00;178410,00;178535,00;177620,00;177870,00;206544130,00;5805
WINV26;06/07/2026;10:00:00;178820,00;179210,00;178250,00;178450,00;170391358,00;4768
WINV26;06/07/2026;09:00:00;180550,00;180560,00;178780,00;178890,00;48639662,00;1356
WINV26;03/07/2026;18:00:00;180615,00;180615,00;180490,00;180490,00;2130490,00;59
WINV26;03/07/2026;17:00:00;180400,00;180635,00;180335,00;180590,00;3646704,00;101
WINV26;03/07/2026;16:00:00;180575,00;180620,00;180305,00;180565,00;6244926,00;173
WINV26;03/07/2026;15:00:00;180635,00;180650,00;180520,00;180620,00;4839839,00;134
WINV26;03/07/2026;14:00:00;180630,00;180825,00;180515,00;180720,00;7587679,00;210
WINV26;03/07/2026;13:00:00;180750,00;180945,00;180650,00;180655,00;13341484,00;369
WINV26;03/07/2026;12:00:00;180465,00;180760,00;180465,00;180690,00;21750666,00;602
WINV26;03/07/2026;11:00:00;179860,00;180530,00;179860,00;180405,00;24266210,00;673
WINV26;03/07/2026;10:00:00;180170,00;180225,00;179075,00;179860,00;70509669,00;1962
WINV26;03/07/2026;09:00:00;179200,00;180500,00;179200,00;180010,00;285938932,00;7939
WINV26;02/07/2026;18:00:00;179070,00;179070,00;178860,00;178880,00;61541616,00;1720
WINV26;02/07/2026;17:00:00;179045,00;179165,00;178855,00;179070,00;16615804,00;464
WINV26;02/07/2026;16:00:00;178910,00;179025,00;178440,00;179025,00;28864011,00;808
WINV26;02/07/2026;15:00:00;178305,00;179050,00;178295,00;179000,00;32229752,00;902
WINV26;02/07/2026;14:00:00;178295,00;178575,00;178295,00;178315,00;12848577,00;360
WINV26;02/07/2026;13:00:00;178600,00;178730,00;178250,00;178255,00;62341163,00;1747
WINV26;02/07/2026;12:00:00;178715,00;178880,00;178030,00;178460,00;48641589,00;1364
WINV26;02/07/2026;11:00:00;179770,00;179940,00;178410,00;178745,00;312377971,00;8735
WINV26;02/07/2026;10:00:00;179580,00;180790,00;178850,00;179720,00;169577807,00;4719
WINV26;02/07/2026;09:00:00;178075,00;180365,00;177685,00;179495,00;116275267,00;3251
WINV26;01/07/2026;18:00:00;178230,00;178300,00;178160,00;178295,00;38565101,00;1082
WINV26;01/07/2026;17:00:00;177935,00;178375,00;177850,00;178260,00;17379065,00;488
WINV26;01/07/2026;16:00:00;177860,00;178285,00;177750,00;177990,00;17199771,00;483
WINV26;01/07/2026;15:00:00;178000,00;178030,00;177650,00;177775,00;8142405,00;229
WINV26;01/07/2026;14:00:00;178160,00;178420,00;177745,00;177910,00;12212843,00;343
WINV26;01/07/2026;13:00:00;178035,00;178375,00;178000,00;178055,00;8907557,00;250
WINV26;01/07/2026;12:00:00;177395,00;178250,00;177220,00;178030,00;44284065,00;1247
WINV26;01/07/2026;11:00:00;177640,00;178200,00;177415,00;177450,00;48745125,00;1371
WINV26;01/07/2026;10:00:00;176140,00;177945,00;175805,00;177515,00;209069934,00;5924
WINV26;01/07/2026;09:00:00;177760,00;177890,00;175925,00;176100,00;274587692,00;7763
WINV26;30/06/2026;18:00:00;178400,00;178400,00;178275,00;178330,00;57173139,00;1603
WINV26;30/06/2026;17:00:00;178510,00;178585,00;178280,00;178420,00;9065791,00;254
WINV26;30/06/2026;16:00:00;178775,00;178775,00;178455,00;178490,00;12179514,00;341
WINV26;30/06/2026;15:00:00;179070,00;179075,00;178650,00;178760,00;16959387,00;474
WINV26;30/06/2026;14:00:00;178480,00;179165,00;178410,00;179100,00;24534791,00;686
WINV26;30/06/2026;13:00:00;178500,00;178895,00;178395,00;178475,00;11969782,00;335
WINV26;30/06/2026;12:00:00;177870,00;178435,00;177870,00;178345,00;16605590,00;466
WINV26;30/06/2026;11:00:00;177500,00;178515,00;177255,00;177890,00;152839390,00;4297
WINV26;30/06/2026;10:00:00;178335,00;178345,00;176780,00;177525,00;447084786,00;12596
WINV26;30/06/2026;09:00:00;179650,00;179805,00;178085,00;178390,00;169344248,00;4729
WINV26;29/06/2026;18:00:00;179690,00;179730,00;179500,00;179500,00;48362749,00;1346
WINV26;29/06/2026;17:00:00;179650,00;179800,00;179645,00;179720,00;4816232,00;134
WINV26;29/06/2026;16:00:00;179975,00;179985,00;179535,00;179585,00;9849421,00;274
WINV26;29/06/2026;15:00:00;179895,00;180120,00;179815,00;179955,00;9573078,00;266
WINV26;29/06/2026;14:00:00;179745,00;179920,00;179690,00;179795,00;5646336,00;157
WINV26;29/06/2026;13:00:00;178995,00;179975,00;178985,00;179750,00;115274532,00;3209
WINV26;29/06/2026;12:00:00;179550,00;179580,00;179000,00;179075,00;33756432,00;942
WINV26;29/06/2026;11:00:00;179490,00;180020,00;179055,00;179460,00;550107259,00;15325
WINV26;29/06/2026;10:00:00;180095,00;180415,00;178710,00;179540,00;521140589,00;14532
WINV26;29/06/2026;09:00:00;180565,00;181000,00;179335,00;180045,00;146849580,00;4074
WINV26;26/06/2026;18:00:00;180075,00;180200,00;179865,00;179865,00;65024538,00;1806
WINV26;26/06/2026;17:00:00;180000,00;180265,00;179850,00;180085,00;18475741,00;513
WINV26;26/06/2026;16:00:00;180195,00;180245,00;179850,00;179930,00;14333489,00;398
WINV26;26/06/2026;15:00:00;180345,00;180630,00;180070,00;180180,00;93014592,00;2581
WINV26;26/06/2026;14:00:00;180140,00;180455,00;180130,00;180375,00;43559586,00;1208
WINV26;26/06/2026;13:00:00;180230,00;180405,00;179940,00;180105,00;85513461,00;2373
WINV26;26/06/2026;12:00:00;179525,00;180220,00;179480,00;180180,00;22124715,00;615
WINV26;26/06/2026;11:00:00;178285,00;179590,00;178000,00;179480,00;146510939,00;4100
WINV26;26/06/2026;10:00:00;178200,00;178305,00;177490,00;178235,00;59976991,00;1686
WINV26;26/06/2026;09:00:00;177605,00;179210,00;177465,00;178265,00;86217333,00;2419
WINV26;25/06/2026;18:00:00;178590,00;178590,00;178355,00;178355,00;28065369,00;786
WINV26;25/06/2026;17:00:00;178595,00;178745,00;178530,00;178535,00;14898727,00;417
WINV26;25/06/2026;16:00:00;178730,00;178895,00;178425,00;178495,00;10109520,00;283
WINV26;25/06/2026;15:00:00;179135,00;179135,00;178550,00;178800,00;22277404,00;623
WINV26;25/06/2026;14:00:00;179400,00;179445,00;178850,00;179160,00;17827294,00;498
WINV26;25/06/2026;13:00:00;179570,00;179900,00;179200,00;179340,00;11484532,00;320
WINV26;25/06/2026;12:00:00;179190,00;179760,00;178960,00;179615,00;11227368,00;313
WINV26;25/06/2026;11:00:00;178040,00;179935,00;178040,00;179220,00;84506244,00;2357
WINV26;25/06/2026;10:00:00;178175,00;179470,00;177575,00;177915,00;316802552,00;8854
WINV26;25/06/2026;09:00:00;177650,00;178910,00;177460,00;178170,00;186600069,00;5229
WINV26;24/06/2026;18:00:00;177880,00;178180,00;177845,00;177845,00;58175121,00;1634
WINV26;24/06/2026;17:00:00;177195,00;177850,00;177190,00;177840,00;10767572,00;303
WINV26;24/06/2026;16:00:00;177145,00;177395,00;177000,00;177145,00;59266961,00;1672
WINV26;24/06/2026;15:00:00;176755,00;177230,00;176755,00;177070,00;13767927,00;389
WINV26;24/06/2026;14:00:00;176895,00;176995,00;176305,00;176675,00;113336976,00;3211
WINV26;24/06/2026;13:00:00;176750,00;177190,00;176650,00;176890,00;7999898,00;226
WINV26;24/06/2026;12:00:00;176675,00;177160,00;176490,00;176790,00;15322247,00;433
WINV26;24/06/2026;11:00:00;177080,00;177350,00;176245,00;176655,00;160376334,00;4542
WINV26;24/06/2026;10:00:00;176735,00;178100,00;175970,00;177040,00;121546009,00;3428
WINV26;24/06/2026;09:00:00;177945,00;178450,00;176560,00;176735,00;110134234,00;3096
WINV26;23/06/2026;18:00:00;178390,00;178650,00;178375,00;178510,00;60025354,00;1681
WINV26;23/06/2026;17:00:00;178080,00;178480,00;178000,00;178395,00;9199656,00;258
WINV26;23/06/2026;16:00:00;177940,00;178490,00;177920,00;178115,00;7985956,00;224
WINV26;23/06/2026;15:00:00;178270,00;178315,00;177805,00;177920,00;5020439,00;141
WINV26;23/06/2026;14:00:00;178090,00;178335,00;177955,00;178175,00;4847017,00;136
WINV26;23/06/2026;13:00:00;177585,00;178430,00;177565,00;178125,00;18944187,00;532
WINV26;23/06/2026;12:00:00;177600,00;178000,00;177225,00;177530,00;15066405,00;424
WINV26;23/06/2026;11:00:00;176565,00;177890,00;176525,00;177630,00;47771606,00;1345
WINV26;23/06/2026;10:00:00;175500,00;176795,00;175130,00;176545,00;92844486,00;2636
WINV26;23/06/2026;09:00:00;176160,00;176160,00;175190,00;175410,00;81598948,00;2325
WINV26;22/06/2026;18:00:00;177370,00;177390,00;177155,00;177155,00;34786872,00;981
WINV26;22/06/2026;17:00:00;177225,00;177395,00;177020,00;177395,00;36281726,00;1023
WINV26;22/06/2026;16:00:00;177270,00;177600,00;177245,00;177245,00;4293795,00;121
WINV26;22/06/2026;15:00:00;177175,00;177425,00;177155,00;177270,00;4254774,00;120
WINV26;22/06/2026;14:00:00;177345,00;177520,00;176935,00;177070,00;9890026,00;279
WINV26;22/06/2026;13:00:00;176900,00;177425,00;176770,00;177415,00;10986448,00;310
WINV26;22/06/2026;12:00:00;177550,00;177575,00;176950,00;177105,00;4217930,00;119
WINV26;22/06/2026;11:00:00;176470,00;177520,00;176470,00;177450,00;13942561,00;394
WINV26;22/06/2026;10:00:00;175120,00;177195,00;175120,00;176655,00;83210450,00;2361
WINV26;22/06/2026;09:00:00;175205,00;175300,00;173975,00;175140,00;81318395,00;2327
WINV26;19/06/2026;18:00:00;175165,00;175610,00;175000,00;175450,00;50811114,00;1450
WINV26;19/06/2026;17:00:00;175025,00;175215,00;175020,00;175115,00;4972540,00;142
WINV26;19/06/2026;16:00:00;175390,00;175390,00;175000,00;175160,00;8513979,00;243
WINV26;19/06/2026;15:00:00;175430,00;175520,00;175340,00;175405,00;3122681,00;89
WINV26;19/06/2026;14:00:00;174775,00;175635,00;174770,00;175525,00;15064977,00;430
WINV26;19/06/2026;13:00:00;175100,00;175115,00;174735,00;174760,00;9547519,00;273
WINV26;19/06/2026;12:00:00;175190,00;175465,00;175000,00;175040,00;7006768,00;200
WINV26;19/06/2026;11:00:00;174590,00;175380,00;174590,00;175285,00;12963508,00;370
WINV26;19/06/2026;10:00:00;175145,00;175660,00;174500,00;174500,00;37117540,00;1061
WINV26;19/06/2026;09:00:00;175200,00;175890,00;174620,00;175220,00;75476767,00;2157
WINV26;18/06/2026;18:00:00;175435,00;175685,00;175435,00;175685,00;5863217,00;167
WINV26;18/06/2026;17:00:00;175255,00;175490,00;175255,00;175490,00;55237243,00;1575
WINV26;18/06/2026;16:00:00;175225,00;175440,00;175090,00;175370,00;5749389,00;164
WINV26;18/06/2026;15:00:00;175090,00;175550,00;174880,00;175270,00;15884053,00;453
WINV26;18/06/2026;14:00:00;175250,00;175380,00;174980,00;175180,00;6622287,00;189
WINV26;18/06/2026;13:00:00;175350,00;175350,00;174935,00;175250,00;7635805,00;218
WINV26;18/06/2026;12:00:00;175845,00;175950,00;175300,00;175450,00;7443998,00;212
WINV26;18/06/2026;11:00:00;175780,00;176675,00;175730,00;175845,00;26943320,00;764
WINV26;18/06/2026;10:00:00;175205,00;176240,00;174875,00;175920,00;43736708,00;1245
WINV26;18/06/2026;09:00:00;175300,00;175500,00;173970,00;175005,00;51653327,00;1477
WINV26;17/06/2026;18:00:00;175150,00;175300,00;175020,00;175300,00;840666,00;24
WINV26;17/06/2026;17:00:00;175195,00;175450,00;175150,00;175295,00;2208850,00;63
WINV26;17/06/2026;16:00:00;177210,00;177210,00;175000,00;175290,00;3664009,00;104
WINV26;17/06/2026;15:00:00;178510,00;178510,00;177000,00;177225,00;6245380,00;176
WINV26;17/06/2026;14:00:00;178775,00;179120,00;178290,00;178785,00;3395223,00;95
WINV26;17/06/2026;13:00:00;178400,00;178835,00;178400,00;178625,00;1285627,00;36
WINV26;17/06/2026;12:00:00;178200,00;178350,00;177995,00;178150,00;926685,00;26
WINV26;17/06/2026;11:00:00;177885,00;178655,00;177885,00;178400,00;3139156,00;88
WINV26;17/06/2026;10:00:00;177400,00;178855,00;177400,00;177835,00;8659929,00;243
WINV26;17/06/2026;09:00:00;176690,00;177700,00;176070,00;177700,00;13792602,00;390
WINV26;16/06/2026;18:00:00;176600,00;176815,00;176600,00;176815,00;106046,00;3
WINV26;16/06/2026;17:00:00;176675,00;176675,00;176500,00;176500,00;141275,00;4
WINV26;16/06/2026;16:00:00;176800,00;176800,00;176700,00;176700,00;70700,00;2
WINV26;16/06/2026;15:00:00;177115,00;177115,00;176875,00;176875,00;283309,00;8
WINV26;16/06/2026;13:00:00;177200,00;177200,00;177100,00;177125,00;744025,00;21
WINV26;16/06/2026;12:00:00;176645,00;176645,00;176645,00;176645,00;35329,00;1
WINV26;16/06/2026;11:00:00;177175,00;177175,00;176500,00;176815,00;141399,00;4
WINV26;16/06/2026;10:00:00;176600,00;177155,00;176550,00;177155,00;1130903,00;32
WINV26;16/06/2026;09:00:00;178000,00;178000,00;177000,00;177000,00;425498,00;12
WINV26;15/06/2026;18:00:00;177900,00;177900,00;177800,00;177800,00;213380,00;6
WINV26;15/06/2026;16:00:00;178000,00;178190,00;177800,00;178190,00;1103780,00;31
WINV26;15/06/2026;15:00:00;178500,00;178500,00;178000,00;178000,00;285395,00;8
WINV26;15/06/2026;14:00:00;179000,00;179000,00;178745,00;178745,00;429119,00;12
WINV26;15/06/2026;13:00:00;180000,00;180000,00;179060,00;179060,00;1110360,00;31
WINV26;15/06/2026;12:00:00;180200,00;180200,00;180200,00;180200,00;36040,00;1
WINV26;15/06/2026;11:00:00;181000,00;181000,00;180000,00;180000,00;144200,00;4
WINV26;15/06/2026;10:00:00;181145,00;181610,00;181145,00;181530,00;1268795,00;35
WINV26;15/06/2026;09:00:00;180090,00;181000,00;180000,00;181000,00;1044850,00;29
WINV26;12/06/2026;18:00:00;178695,00;178695,00;178500,00;178500,00;71439,00;2
WINV26;12/06/2026;17:00:00;178655,00;178800,00;178655,00;178800,00;143011,00;4
WINV26;12/06/2026;13:00:00;178655,00;178655,00;178655,00;178655,00;35731,00;1
WINV26;12/06/2026;12:00:00;179675,00;179720,00;179675,00;179720,00;107823,00;3
WINV26;12/06/2026;11:00:00;179600,00;179600,00;179200,00;179240,00;251128,00;7
WINV26;12/06/2026;10:00:00;177790,00;179750,00;177790,00;179000,00;536367,00;15
WINV26;12/06/2026;09:00:00;177510,00;179000,00;177385,00;177500,00;782627,00;22
WINV26;11/06/2026;17:00:00;179350,00;179350,00;179005,00;179270,00;573373,00;16
WINV26;11/06/2026;16:00:00;178270,00;179500,00;178255,00;178920,00;860411,00;24
WINV26;11/06/2026;15:00:00;177700,00;178000,00;177270,00;177990,00;496872,00;14
WINV26;11/06/2026;14:00:00;175910,00;177700,00;175865,00;177700,00;1241472,00;35
WINV26;11/06/2026;13:00:00;176100,00;176100,00;176100,00;176100,00;35220,00;1
WINV26;11/06/2026;10:00:00;176400,00;177000,00;176090,00;176700,00;1621662,00;46
WINV26;11/06/2026;09:00:00;177200,00;177220,00;177200,00;177220,00;106324,00;3
WINV26;10/06/2026;18:00:00;176000,00;176000,00;176000,00;176000,00;35200,00;1
WINV26;10/06/2026;17:00:00;176100,00;176100,00;176100,00;176100,00;35220,00;1
WINV26;10/06/2026;15:00:00;176100,00;176100,00;176100,00;176100,00;352200,00;10
WINV26;10/06/2026;14:00:00;176100,00;176100,00;176100,00;176100,00;352200,00;10
WINV26;10/06/2026;11:00:00;176750,00;176750,00;176750,00;176750,00;35350,00;1
WINV26;10/06/2026;10:00:00;176525,00;176525,00;176525,00;176525,00;35305,00;1
WINV26;10/06/2026;09:00:00;177085,00;177085,00;176540,00;176540,00;388518,00;11
WINV26;09/06/2026;18:00:00;177245,00;177245,00;177165,00;177165,00;212614,00;6
WINV26;09/06/2026;17:00:00;177560,00;177560,00;177400,00;177400,00;106496,00;3
WINV26;09/06/2026;13:00:00;177200,00;177200,00;176115,00;176115,00;1587210,00;45
WINV26;09/06/2026;10:00:00;177475,00;177475,00;177475,00;177475,00;35495,00;1
WINV26;09/06/2026;09:00:00;177500,00;177500,00;177500,00;177500,00;71000,00;2
WINV26;08/06/2026;18:00:00;176575,00;176600,00;176500,00;176500,00;141255,00;4
WINV26;08/06/2026;14:00:00;176000,00;176250,00;176000,00;176250,00;281812,00;8
WINV26;08/06/2026;11:00:00;176200,00;176200,00;176200,00;176200,00;35240,00;1
WINV26;08/06/2026;10:00:00;176515,00;176515,00;176515,00;176515,00;35303,00;1
WINV26;08/06/2026;09:00:00;177375,00;177375,00;176715,00;176715,00;850037,00;24
WINV26;05/06/2026;18:00:00;176700,00;176700,00;176295,00;176295,00;105858,00;3
WINV26;05/06/2026;17:00:00;176700,00;176775,00;176700,00;176775,00;353535,00;10
WINV26;05/06/2026;16:00:00;177000,00;177000,00;177000,00;177000,00;35400,00;1
WINV26;05/06/2026;14:00:00;177250,00;177250,00;177250,00;177250,00;35450,00;1
WINV26;05/06/2026;13:00:00;177100,00;177100,00;177000,00;177000,00;70820,00;2
WINV26;05/06/2026;10:00:00;177605,00;178400,00;177595,00;178400,00;924162,00;26
WINV26;05/06/2026;09:00:00;178830,00;178830,00;178125,00;178125,00;464589,00;13
WINV26;03/06/2026;17:00:00;178465,00;178465,00;178465,00;178465,00;35693,00;1
WINV26;03/06/2026;16:00:00;178380,00;178465,00;178380,00;178465,00;535157,00;15
WINV26;03/06/2026;15:00:00;178300,00;178300,00;178300,00;178300,00;35660,00;1
WINV26;03/06/2026;14:00:00;178440,00;178440,00;178300,00;178300,00;499352,00;14
WINV26;03/06/2026;13:00:00;178715,00;178725,00;178440,00;178440,00;856795,00;24
WINV26;03/06/2026;12:00:00;179120,00;179120,00;178885,00;178885,00;107395,00;3
WINV26;03/06/2026;11:00:00;179165,00;179230,00;179165,00;179220,00;143368,00;4
WINV26;03/06/2026;10:00:00;179940,00;180350,00;179800,00;179800,00;467930,00;13
WINV26;03/06/2026;09:00:00;182000,00;182290,00;179565,00;179665,00;1296418,00;36
WINV26;02/06/2026;13:00:00;183145,00;183145,00;183145,00;183145,00;73258,00;2
WINV26;02/06/2026;12:00:00;183100,00;183100,00;183100,00;183100,00;36620,00;1
WINV26;02/06/2026;11:00:00;182425,00;183000,00;182425,00;183000,00;438235,00;12
WINV26;02/06/2026;10:00:00;181335,00;182000,00;181335,00;182000,00;145214,00;4
WINV26;02/06/2026;09:00:00;181400,00;181500,00;180980,00;180980,00;543383,00;15
WINV26;01/06/2026;18:00:00;180610,00;180610,00;180465,00;180465,00;72215,00;2
WINV26;01/06/2026;17:00:00;180615,00;180615,00;180610,00;180610,00;180611,00;5
WINV26;01/06/2026;13:00:00;180000,00;180000,00;180000,00;180000,00;36000,00;1
WINV26;01/06/2026;12:00:00;180960,00;180960,00;180960,00;180960,00;36192,00;1
WINV26;01/06/2026;10:00:00;182000,00;182030,00;181420,00;181420,00;472020,00;13
WINV26;01/06/2026;09:00:00;183000,00;183375,00;182135,00;182135,00;439777,00;12
WINV26;29/05/2026;16:00:00;182500,00;182980,00;182500,00;182700,00;109636,00;3
WINV26;29/05/2026;14:00:00;182225,00;182225,00;182205,00;182205,00;400855,00;11
WINV26;29/05/2026;12:00:00;182030,00;182030,00;181990,00;181990,00;11285380,00;310
WINV26;29/05/2026;11:00:00;181335,00;181335,00;181335,00;181335,00;36267,00;1
WINV26;29/05/2026;10:00:00;182500,00;182500,00;182000,00;182010,00;109302,00;3
WINV26;29/05/2026;09:00:00;183610,00;183610,00;183020,00;183020,00;1027799,00;28
WINV26;28/05/2026;18:00:00;183000,00;183000,00;183000,00;183000,00;36600,00;1
WINV26;28/05/2026;17:00:00;183515,00;183515,00;183345,00;183345,00;586738,00;16
WINV26;28/05/2026;15:00:00;184530,00;184530,00;184530,00;184530,00;36906,00;1
WINV26;28/05/2026;11:00:00;184890,00;185275,00;184890,00;185275,00;777758,00;21
WINV26;28/05/2026;09:00:00;183395,00;183395,00;183235,00;183235,00;1172759,00;32
WINV26;27/05/2026;18:00:00;184300,00;184300,00;184300,00;184300,00;36860,00;1
WINV26;27/05/2026;17:00:00;184175,00;184500,00;184175,00;184500,00;405250,00;11
WINV26;27/05/2026;15:00:00;184835,00;184835,00;184835,00;184835,00;554505,00;15
WINV26;27/05/2026;14:00:00;184810,00;184810,00;184340,00;184340,00;110718,00;3
WINV26;27/05/2026;10:00:00;186665,00;186665,00;185500,00;185500,00;821093,00;22
WINV26;27/05/2026;09:00:00;186375,00;187000,00;186375,00;186465,00;932534,00;25
WINV26;26/05/2026;18:00:00;185300,00;185315,00;185300,00;185315,00;74123,00;2
WINV26;26/05/2026;15:00:00;184690,00;184690,00;184490,00;184490,00;73836,00;2
WINV26;26/05/2026;14:00:00;184590,00;184590,00;184490,00;184490,00;73816,00;2
WINV26;26/05/2026;11:00:00;184675,00;185010,00;184675,00;185010,00;184876,00;5
WINV26;26/05/2026;10:00:00;185750,00;186200,00;185045,00;185060,00;815729,00;22
WINV26;26/05/2026;09:00:00;185960,00;186505,00;185960,00;186505,00;223485,00;6
WINV26;25/05/2026;17:00:00;186800,00;186800,00;186600,00;186800,00;149380,00;4
WINV26;25/05/2026;16:00:00;186500,00;186635,00;186500,00;186635,00;709186,00;19
WINV26;25/05/2026;14:00:00;185910,00;186010,00;185910,00;186010,00;74384,00;2
WINV26;25/05/2026;13:00:00;185340,00;185340,00;185340,00;185340,00;222408,00;6
WINV26;25/05/2026;12:00:00;185500,00;185500,00;185500,00;185500,00;37100,00;1
WINV26;25/05/2026;11:00:00;185665,00;185665,00;185665,00;185665,00;37133,00;1
WINV26;25/05/2026;10:00:00;186115,00;186225,00;185900,00;185900,00;819303,00;22
WINV26;25/05/2026;09:00:00;187500,00;187600,00;186710,00;186710,00;1498288,00;40
WINV26;22/05/2026;14:00:00;185000,00;185035,00;185000,00;185035,00;74007,00;2
WINV26;22/05/2026;12:00:00;184450,00;184450,00;184450,00;184450,00;36890,00;1
WINV26;22/05/2026;11:00:00;184845,00;184845,00;184000,00;184200,00;295454,00;8
WINV26;22/05/2026;10:00:00;185580,00;185810,00;184915,00;184915,00;928240,00;25
WINV26;22/05/2026;09:00:00;185900,00;186010,00;185900,00;186010,00;74382,00;2
WINV26;21/05/2026;17:00:00;186550,00;186550,00;186550,00;186550,00;37310,00;1
WINV26;21/05/2026;16:00:00;186445,00;186445,00;186445,00;186445,00;37289,00;1
WINV26;21/05/2026;15:00:00;186950,00;187235,00;186500,00;186500,00;486240,00;13
WINV26;21/05/2026;14:00:00;186780,00;186780,00;186780,00;186780,00;373560,00;10
WINV26;21/05/2026;11:00:00;185735,00;185735,00;185735,00;185735,00;371470,00;10
WINV26;21/05/2026;09:00:00;185785,00;185785,00;185785,00;185785,00;185785,00;5
WINV26;20/05/2026;15:00:00;187070,00;187070,00;187070,00;187070,00;37414,00;1
WINV26;20/05/2026;12:00:00;186485,00;186485,00;186485,00;186485,00;37297,00;1
WINV26;20/05/2026;11:00:00;185750,00;185750,00;185750,00;185750,00;37150,00;1
WINV26;20/05/2026;10:00:00;185000,00;186360,00;185000,00;186360,00;408661,00;11
WINV26;20/05/2026;09:00:00;183025,00;184990,00;183025,00;184275,00;2284144,00;62
WINV26;19/05/2026;18:00:00;183750,00;183750,00;183750,00;183750,00;36750,00;1
WINV26;19/05/2026;17:00:00;183405,00;183405,00;183405,00;183405,00;36681,00;1
WINV26;19/05/2026;16:00:00;183100,00;183100,00;183100,00;183100,00;36620,00;1
WINV26;19/05/2026;15:00:00;183500,00;183500,00;183500,00;183500,00;36700,00;1
WINV26;19/05/2026;14:00:00;184220,00;184220,00;184220,00;184220,00;36844,00;1
WINV26;19/05/2026;13:00:00;183500,00;183750,00;183500,00;183750,00;73450,00;2
WINV26;19/05/2026;11:00:00;184750,00;185100,00;184750,00;185100,00;184941,00;5
WINV26;19/05/2026;10:00:00;184000,00;184650,00;183000,00;184650,00;1506929,00;41
WINV26;19/05/2026;09:00:00;185800,00;185800,00;184505,00;185055,00;296301,00;8
WINV26;18/05/2026;18:00:00;186900,00;186900,00;186900,00;186900,00;37380,00;1
WINV26;18/05/2026;17:00:00;186700,00;186700,00;186700,00;186700,00;37340,00;1
WINV26;18/05/2026;16:00:00;186250,00;186260,00;186250,00;186260,00;596030,00;16
WINV26;18/05/2026;15:00:00;185300,00;185300,00;185300,00;185300,00;37060,00;1
WINV26;18/05/2026;14:00:00;186000,00;186000,00;186000,00;186000,00;37200,00;1
WINV26;18/05/2026;12:00:00;186250,00;186250,00;186250,00;186250,00;37250,00;1
WINV26;18/05/2026;10:00:00;186045,00;186045,00;186045,00;186045,00;558135,00;15
WINV26;18/05/2026;09:00:00;185910,00;185925,00;185895,00;185925,00;632136,00;17
WINV26;15/05/2026;18:00:00;186655,00;187190,00;186550,00;186680,00;934034,00;25
WINV26;15/05/2026;17:00:00;186895,00;186895,00;186895,00;186895,00;37379,00;1
WINV26;15/05/2026;16:00:00;185915,00;186630,00;185915,00;186630,00;74509,00;2
WINV26;15/05/2026;13:00:00;186200,00;186210,00;186200,00;186210,00;74482,00;2
WINV26;15/05/2026;11:00:00;185375,00;186495,00;185375,00;186495,00;297572,00;8
WINV26;15/05/2026;10:00:00;185200,00;185260,00;184820,00;185260,00;369957,00;10
WINV26;15/05/2026;09:00:00;186475,00;186475,00;185300,00;185915,00;742138,00;20
WINV26;14/05/2026;16:00:00;188200,00;188200,00;188200,00;188200,00;75280,00;2
WINV26;14/05/2026;15:00:00;188500,00;188500,00;188330,00;188330,00;75366,00;2
WINV26;14/05/2026;14:00:00;189220,00;189220,00;188735,00;189000,00;151196,00;4
WINV26;14/05/2026;13:00:00;188770,00;188935,00;188770,00;188935,00;755446,00;20
WINV26;14/05/2026;12:00:00;188550,00;188550,00;188550,00;188550,00;37710,00;1
WINV26;14/05/2026;11:00:00;188475,00;188475,00;188475,00;188475,00;37695,00;1
WINV26;14/05/2026;09:00:00;187000,00;188255,00;187000,00;187960,00;1314874,00;35
WINV26;13/05/2026;18:00:00;186430,00;186430,00;186430,00;186430,00;37286,00;1
WINV26;13/05/2026;17:00:00;186890,00;186890,00;186800,00;186800,00;411140,00;11
WINV26;13/05/2026;16:00:00;187080,00;187160,00;186945,00;186945,00;336735,00;9
WINV26;13/05/2026;15:00:00;188000,00;188055,00;186715,00;186875,00;1270388,00;34
WINV26;13/05/2026;14:00:00;189530,00;189530,00;188100,00;188100,00;1507671,00;40
WINV26;13/05/2026;13:00:00;190445,00;190445,00;190350,00;190360,00;342665,00;9
WINV26;13/05/2026;12:00:00;190000,00;190385,00;189950,00;190100,00;1748624,00;46
WINV26;13/05/2026;11:00:00;189780,00;190220,00;189780,00;190220,00;113980,00;3
WINV26;13/05/2026;10:00:00;189900,00;190100,00;188900,00;189670,00;606471,00;16
WINV26;13/05/2026;09:00:00;189775,00;189850,00;189775,00;189850,00;75925,00;2
WINV26;12/05/2026;18:00:00;190750,00;190750,00;190600,00;190600,00;114404,00;3
WINV26;12/05/2026;17:00:00;190600,00;190600,00;190600,00;190600,00;38120,00;1
WINV26;12/05/2026;15:00:00;189905,00;190765,00;189905,00;190765,00;5913134,00;155
WINV26;12/05/2026;14:00:00;190220,00;190220,00;189895,00;189895,00;304263,00;8
WINV26;12/05/2026;13:00:00;190130,00;190130,00;190030,00;190030,00;76032,00;2
WINV26;12/05/2026;12:00:00;190220,00;190220,00;190220,00;190220,00;38044,00;1
WINV26;12/05/2026;10:00:00;191520,00;191520,00;191520,00;191520,00;38304,00;1
WINV26;12/05/2026;09:00:00;191415,00;191500,00;190910,00;190910,00;1718614,00;45
WINV26;11/05/2026;17:00:00;192100,00;192100,00;192000,00;192000,00;76820,00;2
WINV26;11/05/2026;16:00:00;192040,00;192215,00;192040,00;192215,00;76851,00;2
WINV26;11/05/2026;14:00:00;192285,00;192285,00;192285,00;192285,00;38457,00;1
WINV26;11/05/2026;13:00:00;192490,00;192490,00;192375,00;192375,00;76973,00;2
WINV26;11/05/2026;12:00:00;192500,00;192500,00;192365,00;192365,00;153936,00;4
WINV26;11/05/2026;11:00:00;192945,00;192945,00;192945,00;192945,00;1543560,00;40
WINV26;11/05/2026;09:00:00;193555,00;194170,00;193555,00;193950,00;155145,00;4
WINV26;08/05/2026;15:00:00;195020,00;195020,00;195020,00;195020,00;39004,00;1
WINV26;08/05/2026;11:00:00;195175,00;195175,00;195175,00;195175,00;39035,00;1
WINV26;08/05/2026;10:00:00;195305,00;196000,00;195200,00;196000,00;156411,00;4
WINV26;08/05/2026;09:00:00;193490,00;195450,00;193490,00;195405,00;5186672,00;133
WINV26;07/05/2026;18:00:00;193410,00;193410,00;193280,00;193280,00;193328,00;5
WINV26;07/05/2026;17:00:00;193460,00;193460,00;193460,00;193460,00;38692,00;1
WINV26;07/05/2026;16:00:00;193800,00;193800,00;193800,00;193800,00;426360,00;11
WINV26;07/05/2026;13:00:00;194445,00;194510,00;194445,00;194505,00;116692,00;3
WINV26;07/05/2026;12:00:00;194500,00;194500,00;194500,00;194500,00;38900,00;1
WINV26;07/05/2026;11:00:00;194590,00;194590,00;194425,00;194565,00;661498,00;17
WINV26;07/05/2026;10:00:00;197160,00;197160,00;194865,00;194905,00;509195,00;13
WINV26;07/05/2026;09:00:00;198210,00;198210,00;197260,00;197630,00;197606,00;5
WINV26;06/05/2026;18:00:00;197900,00;197900,00;197900,00;197900,00;39580,00;1
WINV26;06/05/2026;17:00:00;198200,00;198200,00;197960,00;197960,00;1267000,00;32
WINV26;06/05/2026;16:00:00;198415,00;198415,00;198415,00;198415,00;39683,00;1
WINV26;06/05/2026;12:00:00;198645,00;198645,00;198645,00;198645,00;39729,00;1
WINV26;06/05/2026;11:00:00;197830,00;197830,00;197830,00;197830,00;39566,00;1
WINV26;06/05/2026;10:00:00;199150,00;199300,00;199150,00;199300,00;438160,00;11
WINV26;06/05/2026;09:00:00;199550,00;200300,00;199500,00;199750,00;199720,00;5
WINV26;05/05/2026;18:00:00;197500,00;197500,00;197355,00;197355,00;118471,00;3
WINV26;05/05/2026;17:00:00;197580,00;197580,00;197365,00;197420,00;157973,00;4
WINV26;05/05/2026;16:00:00;197530,00;197530,00;197400,00;197400,00;157987,00;4
WINV26;05/05/2026;15:00:00;197500,00;197500,00;197500,00;197500,00;39500,00;1
WINV26;05/05/2026;14:00:00;197250,00;197250,00;197050,00;197050,00;157715,00;4
WINV26;05/05/2026;13:00:00;198250,00;198250,00;197575,00;197575,00;197924,00;5
WINV26;05/05/2026;12:00:00;197500,00;197970,00;197500,00;197970,00;1266850,00;32
WINV26;05/05/2026;11:00:00;197200,00;197200,00;197200,00;197200,00;39440,00;1
WINV26;05/05/2026;10:00:00;196400,00;196820,00;196400,00;196820,00;865920,00;22
WINV26;05/05/2026;09:00:00;197155,00;197155,00;197155,00;197155,00;39431,00;1
WINV26;04/05/2026;18:00:00;196520,00;196520,00;196520,00;196520,00;39304,00;1
WINV26;04/05/2026;17:00:00;196520,00;196520,00;196520,00;196520,00;39304,00;1
WINV26;04/05/2026;15:00:00;196615,00;196615,00;196470,00;196520,00;117921,00;3
WINV26;04/05/2026;14:00:00;196560,00;196560,00;196550,00;196550,00;117932,00;3
WINV26;04/05/2026;13:00:00;196740,00;196990,00;196510,00;196510,00;511683,00;13
WINV26;04/05/2026;12:00:00;197800,00;197800,00;196920,00;196920,00;354940,00;9
WINV26;04/05/2026;10:00:00;198500,00;198500,00;198250,00;198250,00;79350,00;2
WINV26;04/05/2026;09:00:00;198000,00;198500,00;198000,00;198060,00;1109250,00;28
WINV26;30/04/2026;18:00:00;198300,00;198300,00;198300,00;198300,00;39660,00;1
WINV26;30/04/2026;17:00:00;198255,00;198255,00;198045,00;198100,00;554631,00;14
WINV26;30/04/2026;16:00:00;198850,00;198850,00;198850,00;198850,00;39770,00;1
WINV26;30/04/2026;15:00:00;198360,00;198600,00;198335,00;198370,00;872914,00;22
WINV26;30/04/2026;14:00:00;198150,00;198390,00;198100,00;198260,00;4086602,00;103
WINV26;30/04/2026;13:00:00;198120,00;198120,00;198120,00;198120,00;39624,00;1
WINV26;30/04/2026;12:00:00;197890,00;197890,00;197890,00;197890,00;39578,00;1
WINV26;30/04/2026;11:00:00;197610,00;198480,00;197610,00;198480,00;316843,00;8
WINV26;30/04/2026;10:00:00;197250,00;197830,00;197150,00;197830,00;592126,00;15
WINV26;30/04/2026;09:00:00;195935,00;197110,00;195935,00;197000,00;2244987,00;57
WINV26;29/04/2026;18:00:00;195100,00;195100,00;195000,00;195000,00;702190,00;18
WINV26;29/04/2026;17:00:00;195600,00;195600,00;195020,00;195200,00;2264133,00;58
WINV26;29/04/2026;16:00:00;196000,00;196100,00;195600,00;195600,00;313219,00;8
WINV26;29/04/2026;15:00:00;196000,00;196000,00;196000,00;196000,00;823200,00;21
WINV26;29/04/2026;12:00:00;197400,00;197600,00;197000,00;197000,00;315840,00;8
WINV26;29/04/2026;11:00:00;197500,00;197650,00;197325,00;197650,00;1106531,00;28
WINV26;29/04/2026;10:00:00;198740,00;198740,00;197545,00;197600,00;3448623,00;87
WINV26;29/04/2026;09:00:00;199095,00;199095,00;198895,00;198895,00;2428919,00;61
WINV26;28/04/2026;18:00:00;199800,00;199800,00;199800,00;199800,00;79920,00;2
WINV26;28/04/2026;15:00:00;200035,00;200035,00;200035,00;200035,00;440077,00;11
WINV26;28/04/2026;14:00:00;199985,00;200140,00;199965,00;200140,00;279998,00;7
WINV26;28/04/2026;13:00:00;199675,00;200065,00;199675,00;200065,00;279938,00;7
WINV26;28/04/2026;12:00:00;199500,00;199990,00;199500,00;199990,00;439880,00;11
WINV26;28/04/2026;11:00:00;199250,00;199250,00;199105,00;199105,00;398239,00;10
WINV26;28/04/2026;10:00:00;199265,00;199700,00;199265,00;199685,00;2831919,00;71
WINV26;28/04/2026;09:00:00;200265,00;200265,00;199705,00;199705,00;79994,00;2
WINV26;27/04/2026;18:00:00;200800,00;200925,00;200745,00;200925,00;1405951,00;35
WINV26;27/04/2026;17:00:00;200950,00;201300,00;200950,00;201300,00;120670,00;3
WINV26;27/04/2026;14:00:00;201500,00;201500,00;201500,00;201500,00;40300,00;1
WINV26;27/04/2026;11:00:00;202980,00;202980,00;201890,00;201890,00;484754,00;12
WINV26;27/04/2026;10:00:00;202470,00;202500,00;201910,00;201910,00;12570910,00;311
WINV26;27/04/2026;09:00:00;202950,00;203410,00;202950,00;203410,00;528686,00;13
WINV26;24/04/2026;18:00:00;202900,00;202900,00;202900,00;202900,00;40580,00;1
WINV26;24/04/2026;17:00:00;202770,00;202770,00;202770,00;202770,00;81108,00;2
WINV26;24/04/2026;16:00:00;202515,00;203570,00;202500,00;202500,00;1910866,00;47
WINV26;24/04/2026;15:00:00;202380,00;202610,00;202320,00;202610,00;445216,00;11
WINV26;24/04/2026;14:00:00;201990,00;201990,00;201990,00;201990,00;40398,00;1
WINV26;24/04/2026;13:00:00;202190,00;202190,00;202190,00;202190,00;40438,00;1
WINV26;24/04/2026;12:00:00;201670,00;202165,00;201670,00;202165,00;201826,00;5
WINV26;24/04/2026;11:00:00;201860,00;202200,00;201860,00;202200,00;201968,00;5
WINV26;24/04/2026;10:00:00;202000,00;202000,00;202000,00;202000,00;40400,00;1
WINV26;23/04/2026;14:00:00;203735,00;203735,00;203605,00;203605,00;81468,00;2
WINV26;23/04/2026;10:00:00;205000,00;205000,00;205000,00;205000,00;41000,00;1
WINV26;22/04/2026;18:00:00;204900,00;204990,00;204285,00;204285,00;163784,00;4
WINV26;22/04/2026;14:00:00;205085,00;205305,00;204900,00;204970,00;943275,00;23
WINV26;22/04/2026;13:00:00;205275,00;205275,00;204900,00;204900,00;574394,00;14
WINV26;22/04/2026;12:00:00;205620,00;205620,00;205620,00;205620,00;41124,00;1
WINV26;22/04/2026;11:00:00;205890,00;205890,00;205845,00;205845,00;82347,00;2
WINV26;22/04/2026;10:00:00;207500,00;207850,00;206900,00;206900,00;497758,00;12
WINV26;22/04/2026;09:00:00;207500,00;207800,00;207500,00;207700,00;207630,00;5
WINV26;20/04/2026;18:00:00;208355,00;208745,00;208355,00;208745,00;83420,00;2
WINV26;20/04/2026;12:00:00;208115,00;208115,00;208115,00;208115,00;41623,00;1
WINV26;20/04/2026;11:00:00;207935,00;207935,00;207935,00;207935,00;83174,00;2
WINV26;20/04/2026;09:00:00;208100,00;208735,00;208000,00;208735,00;625584,00;15
WINV26;17/04/2026;11:00:00;209130,00;209130,00;208000,00;208000,00;291646,00;7
WINV26;17/04/2026;10:00:00;211560,00;211560,00;209850,00;209850,00;210502,00;5
WINV26;17/04/2026;09:00:00;209630,00;210825,00;209630,00;210825,00;126095,00;3
WINV26;16/04/2026;17:00:00;208875,00;208875,00;208875,00;208875,00;41775,00;1
WINV26;16/04/2026;14:00:00;209460,00;209460,00;209460,00;209460,00;41892,00;1
WINV26;16/04/2026;12:00:00;209565,00;209565,00;209565,00;209565,00;41913,00;1
WINV26;16/04/2026;11:00:00;209700,00;209765,00;209700,00;209765,00;83893,00;2
WINV26;16/04/2026;10:00:00;210430,00;210430,00;210230,00;210230,00;84132,00;2
WINV26;16/04/2026;09:00:00;210230,00;210630,00;210230,00;210630,00;84172,00;2
WINV26;15/04/2026;15:00:00;209800,00;210250,00;209800,00;210250,00;252038,00;6
WINV26;15/04/2026;13:00:00;209685,00;209750,00;209685,00;209750,00;125827,00;3
WINV26;15/04/2026;12:00:00;210000,00;210000,00;210000,00;210000,00;2100000,00;50
